Workbook

Sheet Datin_Prov
A1: DATA KEBERADAAN UPTD PPA TINGKAT PROVINSI
A3: No | B3: Provinsi | C3: Ortala | E3: Asdep Tata Kelola | H3: Kesimpulan
C4: Status | D4: Dasar Pembentukan | E4: Status | F4: Status | G4: Dasar Pembentukan
A5: 1 | B5: Provinsi Aceh | C5: Ada | D5: Peraturan Gubernur Aceh Nomor 59 Tahun 2019 tentang Kedudukan, Susunan Organisasi, Tugas, Fungsi dan Tata Kerja Unit Pelaksana Teknis Daerah Perlindungan Perempuan dan Anak pada Dinas Pemberdayaan Perempuan dan Perlindungan Anak Aceh | E5: UPTD PPA | F5: Ada | G5: Peraturan Gubernur Aceh No. 59 | H5: Ada UPTD | J5: Jumlah Provinsi menurut keberadaan UPTD PPA
A6: 2 | B6: Provinsi Sumatera Utara | C6: Ada | D6: Peraturan Gubernur Sumatera Utara Nomor 28 Tahun 2023 tentang Perubahan atas Peraturan Gubernur Sumatera Utara Nomor 9 Tahun 2023 tentang Susunan Organisasi Perangkat Daerah | E6: UPTD PPA | F6: Ada | G6: Peraturan Gubernur Sumatera Utara Nomor 28 Tahun 2023 tentang Perubahan atas Peraturan Gubernur Sumatera Utara Nomor 9 Tahun 2023 tentang Susunan Organisasi Perangkat Daerah | H6: Ada UPTD | J6: Kategori | K6: Jumlah
A7: 3 | B7: Provinsi Sumatera Barat | C7: Ada | D7: Peraturan Gubernur Sumatera Barat Nomor 90 Tahun 2020 tentang Pembentukan Organisasi Dan Tata Kerja Unit Pelaksana Teknis Daerah Dinas Pemberdayaan Perempuan Dan Perlindungan Anak, Pengendalian Penduduk Dan Keluarga Berencana Provinsi Sumatera Barat yang merubah/mencabut Peraturan Gubernur Sumatera Barat Nomor 99 Tahun 2017 tentang Pembentukan UPTD PPA | E7: #N/A | F7: Tidak Ada | G7: #N/A | H7: Ada UPTD | J7: Ada | K7: 34 | L7: =K7/K9 -> 0.89473684
A8: 4 | B8: Provinsi Riau | C8: Ada | D8: Peraturan Gubernur Provinsi Riau Nomor 85 Tahun 2019 | E8: UPT PPA | F8: Ada | G8: Peraturan Gubernur Nomor 56 Tahun 2017 | H8: Ada UPTD | J8: Tidak Ada | K8: 4
A9: 5 | B9: Provinsi Jambi | C9: Ada | D9: Peraturan Gubernur Provinsi Jambi Nomor 61 Tahun 2018 | E9: UPTD PPA | F9: Ada | G9: Peraturan Gubernur Provinsi Jambi Nomor 61 Tahun 2018 Tahun 2018 | H9: Ada UPTD | J9: Total | K9: 38
A10: 6 | B10: Provinsi Sumatera Selatan | C10: Ada | D10: Peraturan Gubernur Sumatera Selatan Nomor 54 Tahun 2020 tentang Pembentukan, Uraian Tugas dan Fungsi Unit Pelaksana Teknis Dinas Perlindungan Perempuan dan Anak pada Dinas Pemberdayaan Perempuan dan Perlindungan Anak Provinsi Sumatera Selatan | E10: UPTD PPA | F10: Ada | G10: Peraturan Gubernur No. 54 Tahun 2020 | H10: Ada UPTD
A11: 7 | B11: Provinsi Bengkulu | C11: Ada | D11: Peraturan Gubernur Bengkulu Nomor 34 Tahun 2017 | E11: UPTD PPA | F11: Ada | G11: Peraturan Gubernur Bengkulu Nomor 34 Tahun 2017 | H11: Ada UPTD
A12: 8 | B12: Provinsi Lampung | C12: Ada | D12: Peraturan Gubernur Lampung Nomor 10 Tahun 2020 tentang Pembentukan Organisasi dan Tata Kerja Unit Pelaksana Teknis Dinas (UPTD) pada Dinas Daerah Provinsi Lampung | E12: UPTD PPA | F12: Ada | G12: Peraturan Gubernur Lampung Nomor 10 Tahun 2020 tentang Pembentukan Organisasi dan Tata Kerja Unit Pelaksana Teknis Dinas (UPTD) pada Dinas Daerah Provinsi Lampung | H12: Ada UPTD
A13: 9 | B13: Provinsi Kepulauan Bangka Belitung | C13: Ada | D13: Peraturan Gubernur Kepulauan Bangka Belitung Nomor 12 Tahun 2021 | E13: UPTD PPA | F13: Ada | G13: Pergub No. 12 Tahun 2021 | H13: Ada UPTD
A14: 10 | B14: Provinsi Kepulauan Riau | C14: Ada | D14: Peraturan Gubernur Provinsi Kepulauan Riau Nomor 81 Tahun 2017 tentang Pembentukan UPTD PPA, merubah/mencabut Peraturan Gubernur Provinsi Kepulauan Riau Nomor 81 Tahun 2017 tentang Pembentukan Unit Pelaksana Teknis Pusat Pelayanan Terpadu Perlindungan Perempuan dan Anak Pada Dinas Pemberdayaan Perempuan, Perlindungan Anak, Pengendalian Penduduk dan Keluarga Berencana Provinsi Kepulauan Riau | E14: #N/A | F14: Tidak Ada | G14: #N/A | H14: Ada UPTD
A15: 11 | B15: Provinsi Dki Jakarta | C15: Ada | D15: Peraturan Gubernur DKI Jakarta Nomor 397 Tahun 2016 tentang Pembentukan Organisasi dan Tata Kerja Pusat Pelayanan Terpadu Pemberdayaan Perempuan dan Anak Peraturan Gubernur DKI Jakarta Nomor 57 Tahun 2022 tentang Organisasi dan Tata Kerja Perangkat Daerah | E15: UPT PPPA | F15: Ada | G15: Peraturan Gubernur DKI Jakarta Nomor 397 Tahun 2016 tentang Pembentukan Organisasi dan Tata Kerja Pusat Pelayanan Terpadu Pemberdayaan Perempuan dan Anak Peraturan Gubernur DKI Jakarta Nomor 57 Tahun 2022 tentang Organisasi dan Tata Kerja Perangkat Daerah | H15: Ada UPTD
A16: 12 | B16: Provinsi Jawa Barat | C16: Ada | D16: Peraturan Gubernur Jawa Barat Nomor 64 Tahun 2019 tentang Tugas Pokok, Fungsi, Rincian Tugas Unit dan Tata Kerja UPTD di Lingkungan DP3AKB Pemerintah Daerah Provinsi Jawa Barat | E16: UPTD PPA | F16: Ada | G16: Peraturan Gubernur Jawa Barat Nomor 64 Tahun 2019 tentang Tugas Pokok, Fungsi, Rincian Tugas Unit dan Tata Kerja UPTD di Lingkungan DP3AKB Pemerintah Daerah Provinsi Jawa Barat | H16: Ada UPTD
A17: 13 | B17: Provinsi Jawa Tengah | C17: Ada | D17: Peraturan Gubernur Jawa Tengah Nomor 15 Tahun 2023 tentang Organisasi dan Tata Kerja Dinas Pemberdayaan Perempuan, Perlindungan Anak, Pengendalian Penduduk dan Keluarga Berencana Provinsi Jawa Tengah | E17: UPTD PPA Provinsi Jawa Tengah | F17: Ada | G17: Peraturan Gubernur Jawa Tengah Nomor 15 Tahun 2023 tentang Organisasi dan Tata Kerja Dinas Pemberdayaan Perempuan, Perlindungan Anak, Pengendalian Penduduk, dan Keluarga Berencana Provinsi Jawa Tengah | H17: Ada UPTD
A18: 14 | B18: Provinsi Daerah Istimewa Yogyakarta | C18: Ada | D18: Peraturan Gubernur (Pergub) Provinsi Daerah Istimewa Yogyakarta Nomor 11 Tahun 2022 tentang Pembentukan, Susunan Organisasi, Tugas, Fungsi, dan Tata Kerja Unit Pelaksana Teknis pada Dinas Pemberdayaan Perempuan, Perlindungan Anak, dan Pengendalian Penduduk | E18: BALAI PPA | F18: Ada | G18: Peraturan Gubernur (Pergub) Provinsi Daerah Istimewa Yogyakarta Nomor 11 Tahun 2022 tentang Pembentukan, Susunan Organisasi, Tugas, Fungsi, dan Tata Kerja Unit Pelaksana Teknis pada Dinas Pemberdayaan Perempuan, Perlindungan Anak, dan Pengendalian Penduduk | H18: Ada UPTD
A19: 15 | B19: Provinsi Jawa Timur | C19: Ada | D19: Peraturan Gubernur Jawa Timur Nomor 1 Tahun 2021 | E19: UPT PPA | F19: Ada | G19: Peraturan Gubernur Jawa Timur Nomor 1 Tahun 2021 | H19: Ada UPTD
A20: 16 | B20: Provinsi Banten | C20: Ada | D20: Peraturan Gubernur Banten Nomor 55 Tahun 2021 | E20: UPTD PPA | F20: Ada | G20: Peraturan Gubernur No 55 Tahun 2021 | H20: Ada UPTD
A21: 17 | B21: Provinsi Bali | C21: Ada | D21: Peraturan Gubernur Bali Nomor 59 Tahun 2019 tentang Pembentukan Unit Pelaksana Teknis Daerah di Lingkungan Pemerintah Provinsi Bali | E21: UPTD PPA | F21: Ada | G21: Pergub Nomor 59 Tahun 2019 | H21: Ada UPTD
A22: 18 | B22: Provinsi Nusa Tenggara Barat | C22: Ada | D22: Peraturan Gubernur NTB Nomor 30 tahun 2019 tentang perubahan kedua atas peraturan gubernur nomor 29 tahun 2018 tentang pembentukan, kedudukan, susunan organisasi tugas dan fungsi serta tata kerja unit pelaksana teknis dinas pada dinas-dinas daerah dan unit pelaksana teknis badan pada badan-badan daerah provinsi NTB | E22: #N/A | F22: Tidak Ada | G22: #N/A | H22: Ada UPTD
A23: 19 | B23: Provinsi Nusa Tenggara Timur | C23: Ada | D23: Peraturan Gubernur (Pergub) Provinsi Nusa Tenggara Timur Nomor 49 Tahun 2022 tentang Kedudukan, Susunan Organisasi, Tugas dan Fungsi serta Tata Kerja Cabang Dinas dan Unit Pelaksana Teknis Daerah Provinsi Nusa Tenggara Timur | E23: UPTD PPA | F23: Ada | G23: Peraturan Gubernur (Pergub) Provinsi Nusa Tenggara Timur Nomor 49 Tahun 2022 tentang Kedudukan, Susunan Organisasi, Tugas dan Fungsi serta Tata Kerja Cabang Dinas dan Unit Pelaksana Teknis Daerah Provinsi Nusa Tenggara Timur | H23: Ada UPTD
A24: 20 | B24: Provinsi Kalimantan Barat | C24: Ada | D24: Peraturan Gubernur (Pergub) Provinsi Kalimantan Barat Nomor 101 Tahun 2020 tentang Pembentukan, Susunan Organisasi, Tugas dan Fungsi serta Tata Kerja Unit Pelaksana Teknis Perlindungan Perempuan dan Anak Provinsi Kalimantan Barat | E24: UPT PPA Provinsi Kalimantan Barat | F24: Ada | G24: Peraturan Gubernur (Pergub) Provinsi Kalimantan Barat Nomor 101 Tahun 2020 tentang Pembentukan, Susunan Organisasi, Tugas dan Fungsi serta Tata Kerja Unit Pelaksana Teknis Perlindungan Perempuan dan Anak Provinsi Kalimantan Barat | H24: Ada UPTD
A25: 21 | B25: Provinsi Kalimantan Tengah | C25: Ada | D25: Peraturan Gubernur Kalimantan Tengah Nomor 20 Tahun 2019 tentang Pembentukan Susunan Organisasi. Tugas, Fungsi da Tata Kerja UPT PPA pada Dinas P3AP2KB | E25: UPT PPA | F25: Ada | G25: Peraturan Gubernur Nomor 2019 dan Peraturan Gubernur Nomor 48 Tahun 2023 | H25: Ada UPTD
A26: 22 | B26: Provinsi Kalimantan Selatan | C26: Ada | D26: Peraturan Gubernur Kalimantan Selatan Nomor 073 Tahun 2019 tentang Pembentukan Organisasi dan Tata Kerja UPTD PPA pada DP3A | E26: UPTD Perlindungan Perempuan dan Anak Provinsi Kalimantan Selatan | F26: Ada | G26: Peraturan Gubernur (Pergub) Provinsi Kalimantan Selatan Nomor 73 Tahun 2019 tentang Pembentukan, Organisasi, Dan Tata Kerja Unit Pelaksana Teknis Daerah Perlindungan Perempuan Dan Anak Pada Dinas Pemberdayaan Perempuan Dan Perlindungan Anak Provinsi Kalimantan Selatan | H26: Ada UPTD
A27: 23 | B27: Provinsi Kalimantan Timur | C27: Ada | D27: Peraturan Gubernur Kalimantan Timur No. 37 Tahun 2020 | E27: UPTD PPA | F27: Ada | G27: Peraturan Gubernur Provinsi Kalimantan Timur Nomor 37 Tahun 2020 Pembentukan dan Susunan Organisasi Unit Pelaksana Teknis Daerah Perlindungan Perempuan dan Anak Pada Dinas Kependudukan, Pemberdayaan Perempuan dan Perlindungan Anak Provinsi Kalimantan Timur | H27: Ada UPTD
A28: 24 | B28: Provinsi Kalimantan Utara | C28: Ada | D28: Peraturan Gubernur Nomor 1 Tahun 2019 Tanggal 2 Januari 2019 tentang Organisasi dan Tata Kerja UPT pada Dinas PPPAPPKB Provinsi Kalimantan Utara | E28: UPTD PPA | F28: Ada | G28: Peraturan Gubernur Nomor 1 Tahun 2019 Tanggal 2 Januari 2019 tentang Organisasi dan Tata Kerja UPT pada Dinas PPPAPPKB Provinsi Kalimantan Utara | H28: Ada UPTD
A29: 25 | B29: Provinsi Sulawesi Utara | C29: Ada | D29: Peraturan Gubernur (Pergub) Provinsi Sulawesi Utara Nomor 12 Tahun 2022 tentang Kedudukan, Susunan Organisasi, Tugas dan Fungsi serta Tata Kerja Perangkat Daerah | E29: UPTD PPA | F29: Ada | G29: Peraturan Gubernur Sulawesi Utara Nomor 31 Tahun 2020 tentang Pembentukan Unit Pelaksana Teknis Daerah Pada Dinas Pemberdayaan Perempuan dan Perlindungan Anak Daerah Provinsi Tipe A Provinsi Sulawesi Utara | H29: Ada UPTD
A30: 26 | B30: Provinsi Sulawesi Tengah | C30: Ada | D30: Peraturan Gubernur Sulawesi Tengah Nomor 48 Tahun 2020 | E30: #N/A | F30: Tidak Ada | G30: #N/A | H30: Ada UPTD
A31: 27 | B31: Provinsi Sulawesi Selatan | C31: Ada | D31: Peraturan Gubernur Sulawesi Selatan No 19 Tahun 2018 tentang Organisasi dan Tata Kerja Unit Pelaksana Teknis Pusat Pelayanan Terpadu Perlindungan Perempuan dan Anak (UPT P2TP2A) pada Dinas PPPA Provinsi Sulawesi Selatan | E31: UPT PPA | F31: Ada | G31: Peraturan Gubernur Sulawesi Selatan No. 53 Tahun 2020 | H31: Ada UPTD
A32: 28 | B32: Provinsi Sulawesi Tenggara | C32: Ada | D32: Peraturan Gubernur Sulawesi Tenggara Nomor 22 Tahun 2024 | E32: UPTD PPA | F32: Ada | G32: Peraturan Gubernur Sulawesi Tenggara Nomor 71 Tahun 2017 tentang Pembentukan, Kedudukan, Susunan Organisasi, Tugas dan Fungsi Serta Tata Kerja Unit Pelaksana Teknis Dinas Pada Dinas Pemberdayaan Perempuan, Perlindungan Anak, Pengendalian Penduduk dan Keluarga Berencana Provinsi Sulawesi Tenggara (Lembaran Daerah Provinsi Sulawesi Tenggara Tahun 2017 Nomor 71) sebagaimana telah diubah dengan Peraturan Gubernur Sulawesi Tenggara Nomor 22 Tahun 2024 Tentang Perubahan atas Peraturan Gubernur Sulawesi Tenggara Nomor 71 Tahun 2017 tentang Pembentukan, Kedudukan, Susunan Organisasi, Tugas dan Fungsi Serta Tata Kerja Unit Pelaksana Teknis Dinas Pada Dinas Pemberdayaan Perempuan, Perlindungan Anak, Pengendalian Penduduk dan Keluarga Berencana Provinsi Sulawesi Tenggara | H32: Ada UPTD
A33: 29 | B33: Provinsi Gorontalo | C33: Ada | D33: Peraturan Gubernur Gorontalo Nomor 15 Tahun 2024 tentang Pembentukan, Kedudukan, Susunan organisasi, Tugas dan Fungsi serta tata kerja UPTDPPA, dan UPTD lain di Provinsi Gorontalo | E33: UPTD PPA | F33: Ada | G33: Peraturan Gubernur Gorontalo Nomor 15 Tahun 2024 tentang Pembentukan, Kedudukan, Susunan organisasi, Tugas dan Fungsi serta tata kerja UPTDPPA, dan UPTD lain di Provinsi Gorontalo | H33: Ada UPTD
A34: 30 | B34: Provinsi Sulawesi Barat | C34: Ada | D34: Peraturan Gubernur Sulawesi Barat Nomor 36 Tahun 2018 tentang Perubahan atas Peraturan Gubernur Sulawesi Barat Nomor 41 Tahun 2017 tentang Fungsi dan Tata Kerja Cabang Dinas dan Unit Pelaksana Teknis Daerah (UPTD) Provinsi Sulawesi Barat | E34: UPTD PPA | F34: Ada | G34: Peraturan Gubernur Sulawesi Barat Nomor 36 Tahun 2018 Tentang Perubahan atas Peraturan Gubernur Sulawesi Barat No. 41 Tahun 2017 tentang Fungsi dan Tata Kerja Cabang Dinas dan Unit Pelaksana Tekhnis Daerah (UPTD) Provinsi Sulawesi Barat | H34: Ada UPTD
A35: 31 | B35: Provinsi Maluku | C35: Ada | D35: Peraturan Gubernur Maluku Nomor 19 Tahun 2022 | E35: UPTD PPA | F35: Ada | G35: Peraturan Gubernur Maluku Nomor 19 Tahun 2022 | H35: Ada UPTD
A36: 32 | B36: Provinsi Maluku Utara | C36: Ada | D36: Peraturan Gubernur Maluku Utara Nomor 29 Tahun 2020 tentang Pembentukan UPTD PPA Provinsi Maluku Utara | E36: UPTD PPA | F36: Ada | G36: Peraturan Gubernur Maluku Utara Nomor 29 Tahun 2020 tentang Pembentukan UPTD PPA Provinsi Maluku Utara | H36: Ada UPTD
A37: 33 | B37: Provinsi Papua Barat | C37: Ada | D37: Peraturan Gubernur Papua Barat Nomor : 16 Tahun 2021 tentang Pembentukan Unit Pelaksana Teknis Daerah Perlindungan Perempuan dan Anak pada Dinas Pemberdayaan Perempuan dan Perlindungan Anak Prov. Papua Barat | E37: #N/A | F37: Tidak Ada | G37: #N/A | H37: Ada UPTD
A38: 34 | B38: Provinsi Papua Barat Daya | C38: Tidak Ada | D38: 0 | E38: #N/A | F38: Tidak Ada | G38: #N/A | H38: Tidak Ada UPTD
A39: 35 | B39: Provinsi PAPUA | C39: Ada | D39: Peraturan Gubernur Papua Nomor 13 Tahun 2025 tentang Perubahan atas Peraturan Gubernur Papua Nomor 42 Tahun 2024 tentang Organisasi dan Tata Kerja Unit Pelaksana Teknis Daerah pada Dinas Pemberdayaan Perempuan, Perlindungan Anak dan Keluarga Berencana | E39: 0 | F39: Ada | G39: Peraturan Gubernur Papua Nomor 13 Tahun 2025 tentang Perubahan atas Peraturan Gubernur Papua Nomor 42 Tahun 2024 tentang Organisasi dan Tata Kerja Unit Pelaksana Teknis Daerah pada Dinas Pemberdayaan Perempuan, Perlindungan Anak dan Keluarga Berencana | H39: Ada UPTD
A40: 36 | B40: Provinsi Papua Selatan | C40: Tidak Ada | D40: Peraturan Gubernur Papua Selatan | E40: UPTD PPA | F40: Ada | G40: PERATURAN GUBERNUR PAPUA SELATAN | H40: Tidak Ada UPTD
A41: 37 | B41: Provinsi Papua Tengah | C41: Tidak Ada | D41: 0 | E41: #N/A | F41: Tidak Ada | G41: #N/A | H41: Tidak Ada UPTD
A42: 38 | B42: Provinsi Papua Pegunungan | C42: Tidak Ada | D42: 0 | E42: #N/A | F42: Tidak Ada | G42: #N/A | H42: Tidak Ada UPTD
A44: Sumber: Asdep Tata Kelola Perlindungan Hak Perempuan dan Strategi Pelaksanaan Layanan Terpadu (per 12 Juni 2025)

Sheet UPTD PPA Provinsi
A1: NO | B1: PROVINSI | C1: NAMA KEPALA UPTD | D1: ALAMAT KANTOR | E1: NO. TELP KANTOR UPTD PPA | F1: NO. HOTLINE LAYANAN UPTD | G1: NOMENKLATUR | H1: Dasar Pembentukan | I1: TAHUN (Dasar Pembentukan) | J1: KELAS UPTD | K1: CONTACT PERSON | L1: EMAIL | M1: STRUKTUR ORGANISASI UPTD PPA | N1: KETERSEDIAAN GEDUNG/KANTOR UPTD YANG TERPISAH DARI DINAS | O1: KETERSEDIAAN RUMAH PERLINDUNGAN | P1: KETERANGAN | Q1: KEBIJAKAN STANDAR PELAYANAN | R1: Ketersediaan | AB1: IMPLEMENTASI 11 TUGAS UPTD PPA PROVINSI DAN KABUPATEN/KOTA SESUAI UU NOMOR 12 TAHUN 2022 DAN PERATURAN PRESIDEN NOMOR 55 TAHUN 2024 | AM1: KET | AN1: JUMLAH KASUS YANG DITANGANI TAHUN 2024 | AO1: JENIS KEKERASAN YANG PALING BANYAK DITANGANI | AP1: Tahun Pembentukan Berdasarkan Perkada | AY1: Tantangan yang Dihadapi dalam Pemberian Layanan | AZ1: Usulan Mekanisme Pelayanan Perempuan dan Anak Korban Kekerasan yang Efektif | BA1: Jumlah Layanan Yang Sudah Diberikan | BB1: Tantangan Yang Dihadapi | BG1: Jumlah UPTD PPA Provinsi: | BH1: Kepemilikian | BJ1: Kelengkapan
R2: Survei Kepuasan Masyarakat (SKM) | S2: Maklumat Pelayanan | T2: Psikolog Klinis | U2: Pekerja Sosial | V2: Analis Hukum | W2: Mediator Tersertifikasi | X2: Konselor Hukum | Y2: Konselor Psikologi | Z2: Ketersediaan JF Lain yang sesuai dengan Keputusan MenpanRB Nomor 998/2021 | AA2: Jabfung Lain | AB2: (1) menerima laporan atau penjangkauan korban | AC2: (2) memberikan informasi tentang hak korban | AD2: (3) memfasilitasi pemberian layanan kesehatan | AE2: (4) memfasilitasi pemberian layanan penguatan psikologis | AF2: (5) memfasilitasi pemberian layanan psikososial, rehabilitasi sosial, pemberdayaan sosial, dan reintegrasi sosial | AG2: (6) menyediakan layanan hukum | AH2: (7) mengidentifikasi kebutuhan pemberdayaan ekonomi | AI2: (8) mengidentifikasi kebutuhan penampungan sementara untuk korban dan keluarga korban yang perlu dipenuhi segera | AJ2: (9) memfasilitasi kebutuhan korban penyandang disabilitas | AK2: (10) mengoordinasikan dan bekerja sama atas pemenuhan hak korban dengan lembaga lainnya | AL2: (11) memantau pemenuhan hak korban oleh aparatur penegak hukum selama proses secara peradilan | AP2: 2016 | AQ2: 2017 | AR2: 2018 | AS2: 2019 | AT2: 2020 | AU2: 2021 | AV2: 2022 | AW2: 2023 | AX2: 2024 | BH2: Gedung Sendiri | BI2: Rumah Perlindungan | BJ2: Kebijakan Pelayanan | BK2: SDM
A3: (1) | B3: (2) | C3: (3) | D3: (4) | E3: (5) | F3: (6) | G3: (7) | H3: (8) | I3: (9) | J3: (10) | K3: (11) | L3: (12) | M3: (13) | N3: (14) | O3: (15) | P3: (16) | Q3: (17) | R3: (18) | S3: (19) | T3: (20) | U3: (21) | V3: (22) | W3: (23) | X3: (24) | Y3: (25) | Z3: (26) | AA3: (27) | AB3: (28) | AC3: (29) | AD3: (30) | AE3: (31) | AF3: (32) | AG3: (33) | AH3: (34) | AI3: (35) | AJ3: (36) | AK3: (37) | AL3: (38) | AM3: (39) | AN3: (40) | AO3: (41) | AP3: (42) | AQ3: (43) | AR3: (44) | AS3: (45) | AT3: (46) | AU3: (47) | AV3: (48) | AW3: (49) | AX3: (50) | AY3: (51) | AZ3: (52) | BA3: (53) | BB3: 1 | BC3: 2 | BD3: 3 | BE3: 4 | BF3: 5 | BG3: =countif(BG4:BG41,"Ada") -> 34
A4: 1 | B4: PROVINSI ACEH | C4: Faula Mardalya, SE (Plt) | D4: Jln Tgk. Batee Timoh No 2 Gampong Jeulingke Kec. Syiah Kuala Kota Banda Aceh | E4: 0 | F4: 8116808875 | G4: UPTD PPA | H4: Peraturan Gubernur Aceh No. 59 | I4: 2019 | J4: A | K4: 85358263555 | L4: faula.mardalya@gmail.com | M4: Kepala UPTD, Kasubbag TU, Kasi Penerimaan dan Klarifikasi, Kasi Tindak Lanjut Kasus, Analis Hukum, Pekerja Sosial, Penyuluh Sosial, Psikolog Klinis/Forensik | N4: Mandiri | O4: Milik Sendiri | Q4: Ada | R4: Ada | S4: Ada | T4: Ada | U4: Ada | V4: Ada | W4: Ada | X4: Ada | Y4: Ada | Z4: Tidak Ada | AA4: Ada | AB4: Sudah | AC4: Sudah | AD4: Sudah | AE4: Sudah | AF4: Sudah | AG4: Sudah | AH4: Sudah | AI4: Sudah | AJ4: Belum | AK4: Sudah | AL4: Sudah | AN4: 173 | AO4: KDRT, Pemorkosaan, Pelecehan Seksual dan Kekerasan Fisik, penelantaran nafkah anak | AS4: v | AY4: Belum tersedianya jabatan Psikolog Klinis yang ditempatkan di uptd ppa baik PNS maupun P3K | AZ4: Penanganan pengaduan langsung/tidak langsung Penjangkauan korban Mekanisme rujukan Pendampingan korban Reintegrasi | BA4: =countif(AB4:AL4,"Sudah") -> 10 | BG4: =IFERROR(__xludf.DUMMYFUNCTION("IF(REGEXMATCH(H4,""Peraturan Gubernur""),""Ada"",""Tidak Ada"")"),"Ada") -> Ada | BH4: =IF(N4 = "Belum Punya", "Tidak Ada", IF(N4 = "", "Tidak Menjawab", "Ada")) -> Ada | BI4: =IF(O4 = "Tidak Punya", "Tidak Ada", IF(O4 = "", "Tidak Menjawab", "Ada")) -> Ada | BJ4: =IF(AND(Q4="Ada",R4="Ada",S4="Ada"),"Lengkap","Tidak Lengkap") -> Lengkap | BK4: =IF(AND(T4="Ada",U4="Ada",V4="Ada",W4="Ada",X4="Ada",Y4="Ada"),"Lengkap","Tidak Lengkap") -> Lengkap
A5: 2 | B5: PROVINSI SUMATERA UTARA | C5: Susiana Hendrayani, S.Pt, M.Si | D5: Jln. Iskandar Muda No. 272 Medan | E5: - | F5: - | G5: UPTD PPA | H5: Peraturan Gubernur Sumatera Utara Nomor 28 Tahun 2023 tentang Perubahan atas Peraturan Gubernur Sumatera Utara Nomor 9 Tahun 2023 tentang Susunan Organisasi Perangkat Daerah | I5: 2023 | J5: A | K5: Amri (Kasi Tindak Lanjut) 081361694001 Widya (Kasi Pengaduan) 081361680791 | L5: uptdppa.provsu@gmail.com | M5: 1. Kepala UPTD 2. Kepala Seksi Pengaduan 3. Kepala Seksi Tindak Lanjut 4. Kasubag TU | N5: Mandiri | O5: Milik Sendiri | P5: Milik Pemerintah Daerah | Q5: Ada | R5: Ada | S5: Ada | T5: Ada | U5: Tidak Ada | V5: Tidak Ada | W5: Ada | X5: Ada | Y5: Ada | Z5: Tidak Ada | AA5: Tidak Ada | AB5: Sudah | AC5: Sudah | AD5: Sudah | AE5: Sudah | AF5: Belum | AG5: Sudah | AH5: Belum | AI5: Sudah | AJ5: Belum | AK5: Sudah | AL5: Sudah | AM5: Sudah | AO5: 151 | AP5: kekerasan seksual | AW5: v | AY5: terbatasnya SDM terlatih di UPTD PPA baik dari segi kualitas maupun kuantitas sehingga berdampak pada layanan yang diberikan pada masyarakat | AZ5: adanya koordinasi dan sinergitas antara lembaga/ instansi terkait yang memberikan layanan PPA dala bentuk kebijakan yang dimulai dari tingkat pusat selanjutnya ditindaklanjuti oleh pemerintah daerah | BA5: =countif(AB5:AL5,"Sudah") -> 8 | BB5: Ketersediaan Sumber Daya Manusia (SDM) | BG5: =IFERROR(__xludf.DUMMYFUNCTION("IF(REGEXMATCH(H5,""Peraturan Gubernur""),""Ada"",""Tidak Ada"")"),"Ada") -> Ada | BH5: =IF(N5 = "Belum Punya", "Tidak Ada", IF(N5 = "", "Tidak Menjawab", "Ada")) -> Ada | BI5: =IF(O5 = "Tidak Punya", "Tidak Ada", IF(O5 = "", "Tidak Menjawab", "Ada")) -> Ada | BJ5: =IF(AND(Q5="Ada",R5="Ada",S5="Ada"),"Lengkap","Tidak Lengkap") -> Lengkap | BK5: =IF(AND(T5="Ada",U5="Ada",V5="Ada",W5="Ada",X5="Ada",Y5="Ada"),"Lengkap","Tidak Lengkap") -> Tidak Lengkap
A6: 3 | B6: PROVINSI SUMATERA BARAT | C6: Par yono/ 08116681817 | D6: Jalan Batang Antokan No. 2 Padang | E6: 0751-447723 | F6: 08116612343 | G6: UPTD PPA | H6: Peraturan Gubernur Sumatera Barat Nomor 90 Tahun 2020 tentang Pembentukan Organisasi Dan Tata Kerja Unit Pelaksana Teknis Daerah Dinas Pemberdayaan Perempuan Dan Perlindungan Anak, Pengendalian Penduduk Dan Keluarga Berencana Provinsi Sumatera Barat yang merubah/mencabut Peraturan Gubernur Sumatera Barat Nomor 99 Tahun 2017 tentang Pembentukan UPTD PPA | I6: 2020 | J6: A | L6: uptdppa.sumbar@gmail.com | M6: Kasi 1 : Pengaduan Kasi 2 : Tindak Lanjut Kasubag TU | N6: MANDIRI | BA6: =countif(AB6:AL6,"Sudah") -> 0 | BG6: =IFERROR(__xludf.DUMMYFUNCTION("IF(REGEXMATCH(H6,""Peraturan Gubernur""),""Ada"",""Tidak Ada"")"),"Ada") -> Ada | BH6: =IF(N6 = "Belum Punya", "Tidak Ada", IF(N6 = "", "Tidak Menjawab", "Ada")) -> Ada | BI6: =IF(O6 = "Tidak Punya", "Tidak Ada", IF(O6 = "", "Tidak Menjawab", "Ada")) -> Tidak Menjawab | BJ6: =IF(AND(Q6="Ada",R6="Ada",S6="Ada"),"Lengkap","Tidak Lengkap") -> Tidak Lengkap | BK6: =IF(AND(T6="Ada",U6="Ada",V6="Ada",W6="Ada",X6="Ada",Y6="Ada"),"Lengkap","Tidak Lengkap") -> Tidak Lengkap
A7: 4 | B7: PROVINSI RIAU | C7: SRI NISMALA DEWI | D7: Jl. Diponegoro No.36A Komplek Gedung Dharmawanita Provinsi Riau | E7: - | F7: 811707098 | G7: UPT PPA | H7: Peraturan Gubernur Nomor 56 Tahun 2017 | I7: 2017 | J7: A | K7: HENDRI/08127074978 dan IIN/085365729988 | L7: Tindaklanjut.ppariau@gmail.com | M7: Kepala UPT PPA, Kasubbag Tata Usaha, Kepala Seksi Pengaduan, Kepala Seksi Tindak Lanjut | N7: Pinjam Gedung Selain Dinas PPPA | O7: Kamar/Ruangan di Kantor | P7: Saat ini UPT PPA Provinsi Riau menempati gedung kantor milik Pemerintah Provinsi Riau dibawah kewenangan aset Biro Umum Setda Provinsi Riau | Q7: Ada | R7: Ada | S7: Ada | T7: Ada | U7: Ada | V7: Ada | W7: Ada | X7: Ada | Y7: Ada | Z7: Tidak Ada | AA7: Tidak Ada | AB7: Sudah | AC7: Sudah | AD7: Sudah | AE7: Sudah | AF7: Sudah | AG7: Sudah | AH7: Sudah | AI7: Sudah | AJ7: Sudah | AK7: Sudah | AL7: Sudah | AM7: Dalam hal kebutuhan pemberdayaan ekonomi terhadap penyintas maupun keluarga UPT PPA Provinsi Riau sudah bekerjasama dengan Baznas, namun tidak semua penerima manfaat dapat menerima bantuan dari baznas, hanya penerima manfaat tertentu saja seperti harus beragama islam. UPT PPA Provinsi Riau juga mengalami hambatan karena belum banyaknya wadah/instansi/lembaga yang mendukung unruk pemberdayaan ekonomi penerima manfaat. dalam memfasilitasi pemberian layanan kesehatan terhadap korban kekerasan tidak bisa ditanggung oleh BPJS kesehatan, sementara UPT PPA Provinsi Riau juga belum bisa menganggarkan biaya layanan kesehatan yang tidak ditanggung oleh BPJS Kesehatan karena keterbatasan anggaran. | AN7: 153 kasus, 97 kasus anak dan 56 kasus perempuan. korban terdiri dari 111 anak, dan 56 korban perempuan | AO7: Kekerasan Seksual dengan jumlah 20 kasus perempuan dan 28 kasus anak pengasuhan anak sebanyak 28 kasus | AQ7: Berdasarkan Permendagri Nomor 12 tahun 2017 dengan nomenklatur UPT P2TP2A sesuai peraturan Gubernur Nomor 56 Tahun 2017 | AS7: Berdasarkan PermenPPPA nomor 4 Tahun 2018 nomenklatur menjadi UPT PPA sesuai dengan Pergub Nomor 85 Tahun 2019 | AW7: v | AY7: tidak tersedianya tenaga ahli yang stanby dalam melakukan pendampingan kasus seperti tenaga psikolog, peksos dan pendamping hukum sehingga jika kasus darurat akan memakan waktu sedikit lebih lama; Kompetensi SDM layanan di UPT PPA Provinsi harus din tingkatkan dalam berbagai aspek terutama dalam melakukan pelayanan. | AZ7: Mekanisme pelayanan bisa dilakukan dengan baik apabila lembaga/instansi/kementerian bisa melakukan koordinasi, integrasi dan kolaborasi dengan baik pula, mulai dari tahap pengaduan sampai tahap akhir (terminasi). masing-masing lembaga/instansi/kementerian bisa menambil peran dan melaksanakan tugas dan fungsinya dengan baik sesuai dengan kebutuhan korban | BA7: =countif(AB7:AL7,"Sudah") -> 11 | BG7: =IFERROR(__xludf.DUMMYFUNCTION("IF(REGEXMATCH(H7,""Peraturan Gubernur""),""Ada"",""Tidak Ada"")"),"Ada") -> Ada | BH7: =IF(N7 = "Belum Punya", "Tidak Ada", IF(N7 = "", "Tidak Menjawab", "Ada")) -> Ada | BI7: =IF(O7 = "Tidak Punya", "Tidak Ada", IF(O7 = "", "Tidak Menjawab", "Ada")) -> Ada | BJ7: =IF(AND(Q7="Ada",R7="Ada",S7="Ada"),"Lengkap","Tidak Lengkap") -> Lengkap | BK7: =IF(AND(T7="Ada",U7="Ada",V7="Ada",W7="Ada",X7="Ada",Y7="Ada"),"Lengkap","Tidak Lengkap") -> Lengkap
A8: 5 | B8: PROVINSI JAMBI | C8: Asi Noprini/ 081271506723 | D8: Jl. Jenderal A. Yani No 09, Telanaipura, Jambi | E8: - | F8: 8117455411 | G8: UPTD PPA | H8: Peraturan Gubernur Provinsi Jambi Nomor 61 Tahun 2018 | I8: 2018 | J8: A | K8: Nurhidayarti/ 08127305496 | L8: uptdppa.provjambi@gmail.com | M8: Kepala UPTD PPA, Kasubag TU, Kasi Pengaduan dan Kasi Tindak Lanjut | N8: BERGABUNG DENGAN KANTOR DINAS | O8: PINJAM PAKAI | Q8: Ada | R8: Ada | S8: Ada | T8: Tidak Ada | U8: Tidak Ada | V8: Tidak Ada | W8: Ada | X8: Ada | Y8: Ada | Z8: Tidak Ada | AA8: Ada | AB8: Sudah | AC8: Sudah | AD8: Sudah | AE8: Sudah | AF8: Sudah | AG8: Sudah | AH8: Sudah | AI8: Sudah | AJ8: Sudah | AK8: Sudah | AL8: Sudah | AN8: 134 | AO8: Kekerasan Seksual | AR8: V | BA8: =countif(AB8:AL8,"Sudah") -> 11 | BG8: =IFERROR(__xludf.DUMMYFUNCTION("IF(REGEXMATCH(H8,""Peraturan Gubernur""),""Ada"",""Tidak Ada"")"),"Ada") -> Ada | BH8: =IF(N8 = "Belum Punya", "Tidak Ada", IF(N8 = "", "Tidak Menjawab", "Ada")) -> Ada | BI8: =IF(O8 = "Tidak Punya", "Tidak Ada", IF(O8 = "", "Tidak Menjawab", "Ada")) -> Ada | BJ8: =IF(AND(Q8="Ada",R8="Ada",S8="Ada"),"Lengkap","Tidak Lengkap") -> Lengkap | BK8: =IF(AND(T8="Ada",U8="Ada",V8="Ada",W8="Ada",X8="Ada",Y8="Ada"),"Lengkap","Tidak Lengkap") -> Tidak Lengkap
A9: 6 | B9: PROVINSI SUMATERA SELATAN | C9: INDRA SURYA, SE.,M.M | D9: Jl. Ade Irma Nasution No. 1524, Kel. Sei Pangeran, Kec. Ilir Timur 1 Palembang | E9: 82177111299 | F9: 82177111299 | G9: UPTD PPA | H9: Peraturan Gubernur No. 54 Tahun 2020 | I9: 2020 | J9: A | K9: Amirudin, SH.,M.Si / 0853-6660-6151 | L9: amiruddin09127@gmail.com | M9: Kepala UPTD, Kassubag TU, Kasi Tindaklanjut, Kasi Penerima Pengaduan | N9: Bergabung dengan Kantor Dinas | O9: Tidak Punya | Q9: Tidak Ada | R9: Ada | S9: Ada | T9: Ada | U9: Tidak Ada | V9: Ada | W9: Ada | X9: Tidak Ada | Y9: Ada | Z9: Tidak Ada | AA9: Tidak Ada | AB9: Sudah | AC9: Sudah | AD9: Sudah | AE9: Sudah | AF9: Sudah | AG9: Sudah | AH9: Sudah | AI9: Sudah | AJ9: Sudah | AK9: Sudah | AL9: Sudah | AN9: 72 Kasus | AO9: Pelecehan Seksual dan KDRT | AT9: v | AY9: Kurangnya SDM | AZ9: Mekanisme yang dijalankan sudah efektif | BA9: =countif(AB9:AL9,"Sudah") -> 11 | BG9: =IFERROR(__xludf.DUMMYFUNCTION("IF(REGEXMATCH(H9,""Peraturan Gubernur""),""Ada"",""Tidak Ada"")"),"Ada") -> Ada | BH9: =IF(N9 = "Belum Punya", "Tidak Ada", IF(N9 = "", "Tidak Menjawab", "Ada")) -> Ada | BI9: =IF(O9 = "Tidak Punya", "Tidak Ada", IF(O9 = "", "Tidak Menjawab", "Ada")) -> Tidak Ada | BJ9: =IF(AND(Q9="Ada",R9="Ada",S9="Ada"),"Lengkap","Tidak Lengkap") -> Tidak Lengkap | BK9: =IF(AND(T9="Ada",U9="Ada",V9="Ada",W9="Ada",X9="Ada",Y9="Ada"),"Lengkap","Tidak Lengkap") -> Tidak Lengkap
A10: 7 | B10: PROVINSI BENGKULU | C10: Ekmaharti, SE | D10: Jalan Pembangunan No. 13, Telp 0736.21124 Padang Harapan Bengkulu | E10: 85839986880 | F10: WA : 085182905453, Web : e.rasa.bengkuluprov.go.id, FB : Rumah amanah Raflesia | G10: UPTD PPA | H10: Peraturan Gubernur Bengkulu Nomor 34 Tahun 2017 | I10: 2017 | J10: A | K10: 085839986880 / 0895336812677 | L10: uptdlayanan@gmail.com | M10: Kepala UPTD, Kasubag TU, kasi pelayanan, kasi Penjangkauan dan pendampingan kasus, | N10: Masih bergabung dengan Dinas | O10: Tidak Punya | P10: Pemerintah Daerah | Q10: Ada | R10: Ada | S10: Ada | T10: Ada | U10: Ada | V10: Ada | W10: Ada | X10: Ada | Y10: Ada | Z10: Ada | AA10: Tidak ada | AB10: Sudah | AC10: Sudah | AD10: Sudah | AE10: sudah | AF10: Sudah | AG10: Sudah | AH10: Belum | AI10: Sudah | AJ10: Belum | AK10: Sudah | AL10: Sudah | AM10: pengaduan dari masyarakat, penjangkuan korban, pengelolaan Kasus | AN10: 27 Kasus | AO10: KDRT | AQ10: v | BA10: =countif(AB10:AL10,"Sudah") -> 9 | BG10: =IFERROR(__xludf.DUMMYFUNCTION("IF(REGEXMATCH(H10,""Peraturan Gubernur""),""Ada"",""Tidak Ada"")"),"Ada") -> Ada | BH10: =IF(N10 = "Belum Punya", "Tidak Ada", IF(N10 = "", "Tidak Menjawab", "Ada")) -> Ada | BI10: =IF(O10 = "Tidak Punya", "Tidak Ada", IF(O10 = "", "Tidak Menjawab", "Ada")) -> Tidak Ada | BJ10: =IF(AND(Q10="Ada",R10="Ada",S10="Ada"),"Lengkap","Tidak Lengkap") -> Lengkap | BK10: =IF(AND(T10="Ada",U10="Ada",V10="Ada",W10="Ada",X10="Ada",Y10="Ada"),"Lengkap","Tidak Lengkap") -> Lengkap
A11: 8 | B11: PROVINSI LAMPUNG | C11: Ria Meylanie/08117216211 | D11: Jl. Puri Bersakih Blok EE 5 Taman Puri Way Halim, Bandar Lampung | E11: 0721 709600 | F11: 08117911120 | G11: UPTD PPA | H11: Peraturan Gubernur Lampung Nomor 10 Tahun 2020 tentang Pembentukan Organisasi dan Tata Kerja Unit Pelaksana Teknis Dinas (UPTD) pada Dinas Daerah Provinsi Lampung | I11: 2020 | J11: A | K11: Andres 085279792272 (Kasi Pengaduan) Julia Siti/ 081320501982 (Kasi Tindak Lanjut) | L11: indomanlampung@gmail.com | M11: 1. Kepala UPTD 2. Kasubbag TU 3. Kasi Pengaduan 4. Kasi Tindak lanjut 5. Tim Profesi | N11: MANDIRI | O11: SEWA/KONTRAK | Q11: Ada | R11: Ada | S11: Ada | T11: Ada | U11: Tidak Ada | V11: Tidak Ada | W11: Ada | X11: Ada | Y11: Ada | Z11: Tidak Ada | AA11: Tidak Ada | AB11: Sudah | AC11: Sudah | AD11: Sudah | AE11: Sudah | AF11: Sudah | AG11: Sudah | AH11: Sudah | AI11: Sudah | AJ11: Sudah | AK11: Sudah | AL11: Sudah | AM11: Psikolog Klinis (2) Konselor Hukum (2) Konselor Psikologi (2) | AN11: 231 (2024) | AO11: Kekerasan Terhadap Anak | AQ11: v | AW11: v | AY11: Faktor Eksternal : 1. Perbedaan pendapat terhadap pemahaman kasus 2. Stigma masyarakat 3. Kasus seringkali dianggap aib keluarga 4. Kurangnya pemahaman dari keluarga korban terkait proses hukum. Faktor Internal : 1. Keterbatasan anggaran 2. Kapasitas SDM | AZ11: 1. Penambahan anggaran. 2.Penempatan SDM yang kompeten 3. Sinergitas antar OPD terkait penanganan kekerasan pada perempuan dan anak | BA11: =countif(AB11:AL11,"Sudah") -> 11 | BB11: Stigma/Kesadaran Masyarakat akan Kekerasan | BC11: Ketersediaan Anggaran | BD11: Ketersediaan Sumber Daya Manusia (SDM) | BG11: =IFERROR(__xludf.DUMMYFUNCTION("IF(REGEXMATCH(H11,""Peraturan Gubernur""),""Ada"",""Tidak Ada"")"),"Ada") -> Ada | BH11: =IF(N11 = "Belum Punya", "Tidak Ada", IF(N11 = "", "Tidak Menjawab", "Ada")) -> Ada | BI11: =IF(O11 = "Tidak Punya", "Tidak Ada", IF(O11 = "", "Tidak Menjawab", "Ada")) -> Ada | BJ11: =IF(AND(Q11="Ada",R11="Ada",S11="Ada"),"Lengkap","Tidak Lengkap") -> Lengkap | BK11: =IF(AND(T11="Ada",U11="Ada",V11="Ada",W11="Ada",X11="Ada",Y11="Ada"),"Lengkap","Tidak Lengkap") -> Tidak Lengkap
A12: 9 | B12: PROVINSI KEP. BANGKA BELITUNG | C12: Wardahmuthar/08117113010 | D12: JL. Pulau Belitung Komplek Perkantoran dan Pemukiman Terpadu | E12: 0717-425517 | F12: 85314145959 | G12: UPTD PPA | H12: Peraturan Gubernur No. 12 Tahun 2021 | I12: 2021 | J12: A | K12: Syaifuddin / 085272270852 | L12: uptdppababel | M12: Kepala UPTD, Kasubbag TU, Kasi Pelayanan pengaduan, Informasi dan Kerjasama, Kasi Tindakan dan Rujukan | N12: Mandiri | O12: Sewa/Kontrak | P12: rencananya rumah perlindungan akan kita gabung dengan kantor UPTD PPA | Q12: Ada | R12: Ada | S12: Ada | T12: Tidak Ada | U12: Tidak Ada | V12: Tidak Ada | W12: Ada | X12: Tidak Ada | Y12: Tidak Ada | Z12: Tidak Ada | AA12: Tidak Ada | AB12: Sudah | AC12: Sudah | AD12: Belum | AE12: Sudah | AF12: Belum | AG12: Sudah | AH12: Belum | AI12: Sudah | AJ12: Belum | AK12: Sudah | AL12: Sudah | AM12: Koordinasi dan kolaborasi dengan instansi terkait | AN12: 352 | AO12: Kekerasan Seksual | AU12: v | AY12: korban tidak mempunyai akses untuk komunikasi (tidak punya HP) , lokasi tempat korban sulit di jangkau, tantangan dari pihak pelaku (masih keluarga dg APH) | AZ12: Prosedur yang singkat, agar korban cepat terlayani | BA12: =countif(AB12:AL12,"Sudah") -> 7 | BG12: =IFERROR(__xludf.DUMMYFUNCTION("IF(REGEXMATCH(H12,""Peraturan Gubernur""),""Ada"",""Tidak Ada"")"),"Ada") -> Ada | BH12: =IF(N12 = "Belum Punya", "Tidak Ada", IF(N12 = "", "Tidak Menjawab", "Ada")) -> Ada | BI12: =IF(O12 = "Tidak Punya", "Tidak Ada", IF(O12 = "", "Tidak Menjawab", "Ada")) -> Ada | BJ12: =IF(AND(Q12="Ada",R12="Ada",S12="Ada"),"Lengkap","Tidak Lengkap") -> Lengkap | BK12: =IF(AND(T12="Ada",U12="Ada",V12="Ada",W12="Ada",X12="Ada",Y12="Ada"),"Lengkap","Tidak Lengkap") -> Tidak Lengkap
A13: 10 | B13: PROVINSI KEPULAUAN RIAU | C13: Dra.Sandra Liza.Apt.M,Kes | D13: Jl.riau no 1 s.d 3 Tanjungpinang | E13: - | F13: 811771881 | G13: UPTD PPA | H13: Peraturan Gubernur Nomor 30 Tahun 2022 | I13: 2022 | J13: A | K13: 85763544786 | L13: nongjelex@gmail.com | M13: Kepala UPTD PPA, Kasubag TU, Kasi Penerima Pengaduan, Penjangkauan dan Identifikasi, Kasi Rehabilitasi Pemulangan dan Reintegrasi dan Kelompok Jabatan Struktural (PPPK) | N13: Mandiri | O13: Aset Pemda Dikelola Dinas PPPA | P13: - | Q13: Ada | R13: Ada | S13: Ada | T13: Ada | U13: Tidak Ada | V13: Tidak Ada | W13: Ada | X13: Ada | Y13: Tidak Ada | Z13: Tidak Ada | AA13: Tidak Ada | AB13: Sudah | AC13: Sudah | AD13: Sudah | AE13: Sudah | AF13: Sudah | AG13: Sudah | AH13: Belum | AI13: Sudah | AJ13: Sudah | AK13: Sudah | AL13: Sudah | AM13: pelayanan sudah termasuk UU TPKS | AN13: 114 kasus | AO13: TPPO | AQ13: v | AY13: korban sulit terbuka dalam memberikan pengaduan laporan | AZ13: berdasarkan UU PPA dan TKPS | BA13: =countif(AB13:AL13,"Sudah") -> 10 | BG13: =IFERROR(__xludf.DUMMYFUNCTION("IF(REGEXMATCH(H13,""Peraturan Gubernur""),""Ada"",""Tidak Ada"")"),"Ada") -> Ada | BH13: =IF(N13 = "Belum Punya", "Tidak Ada", IF(N13 = "", "Tidak Menjawab", "Ada")) -> Ada | BI13: =IF(O13 = "Tidak Punya", "Tidak Ada", IF(O13 = "", "Tidak Menjawab", "Ada")) -> Ada | BJ13: =IF(AND(Q13="Ada",R13="Ada",S13="Ada"),"Lengkap","Tidak Lengkap") -> Lengkap | BK13: =IF(AND(T13="Ada",U13="Ada",V13="Ada",W13="Ada",X13="Ada",Y13="Ada"),"Lengkap","Tidak Lengkap") -> Tidak Lengkap
A14: 11 | B14: PROVINSI DKI JAKARTA | C14: Leny Yunengsih (Plt. KA UPTD PPA) | D14: Jl. Raya Bekasi Timur KM.18, Jatinegara Kaum, Pulo Gadung, RT07/RW06, Jatinegara Kaum, Kota Jakarta Timur, DKI Jakarta | E14: (021) 47882898 | F14: 081317617622 | G14: UPT PPPA | H14: Peraturan Gubernur DKI Jakarta Nomor 397 Tahun 2016 tentang Pembentukan Organisasi dan Tata Kerja Pusat Pelayanan Terpadu Pemberdayaan Perempuan dan Anak Peraturan Gubernur DKI Jakarta Nomor 57 Tahun 2022 tentang Organisasi dan Tata Kerja Perangkat Daerah | I14: 2016 | J14: A | K14: Yuni/081280963351 (Kasubag TU) | L14: pppa@jakarta.go.id | M14: Kepala UPT, Subag TU, Satuan Pelaksana Pelayanan Pendampingan dan Pencegahan Kekerasan Perempuan dan Anak dan Sub Kelompok Jabatan Fungsional | N14: MANDIRI | O14: SEWA/KONTRAK | P14: Pemerintah Daerah | Q14: Ada | R14: Ada | S14: Ada | T14: Ada | U14: Ada | V14: Ada | W14: Ada | X14: Ada | Y14: Ada | Z14: Tidak Ada | AA14: Tidak Ada | AB14: Sudah | AC14: Sudah | AD14: Sudah | AE14: Sudah | AF14: Sudah | AG14: Sudah | AH14: Sudah | AI14: Sudah | AJ14: Sudah | AK14: Sudah | AL14: Sudah | AM14: Tersedia layanan penerimaan pengaduan, pengelolaan kasus, pendampingan korban, psikologi, hukum dan penampungan sementara berupa transit house maksimal 14 hari yang dikelola Dinas PPAPP melalui UPT PPPA dan safe house lebih dari 14 hari yang dikelola Dinsos DKI Jakarta | AN14: 2041 | AO14: Anak Korban Kekerasan Seksual / KTA Seksual | AP14: v | AY14: (1) Perbedaan perspektif penanganan KTP/A antar stakeholder; (2) Rumah Aman yang dapat mengakomodir kebutuhan khusus, contoh korban KDRT, TPPO, Disabilitas (3) Pemberdayaan ekonomi bagi korban KTP (4) Efektivitas layanan Reintegrasi Sosial / After Care kerjasama dengan para mitra (5) Peningkatan mutu dan kompetensi SDM | AZ14: (1) Peningkatan kerjasama program KtP/A dalam KSD antar Dinas dan Lembaga; (2) Tersedia penampungan sementara/ rumah aman yang mengakomodir kebutuhan spesifik korban KtP/A termasuk panduan/dasar kebijakan/pedoman layanan penampungan sementara dari Kemenpppa, contoh Permenpppa untuk Rumah SAPA; (3) Peningkatan kerjasama antara Pemerintah, Pihak Swasta, Masyarakat dan Badan PBB; (4) Peningkatan DAK untuk mendukung pemenuhan hak korban KtP/A (5) Peningkatan kapasitas bagi SDM | BA14: =countif(AB14:AL14,"Sudah") -> 11 | BB14: Rujukan Lanjutan dengan OPD Terkait | BC14: Ketersediaan Sarana dan Prasarana | BD14: Ketersediaan Sumber Daya Manusia (SDM) | BE14: Koordinasi/Jejaring | BG14: =IFERROR(__xludf.DUMMYFUNCTION("IF(REGEXMATCH(H14,""Peraturan Gubernur""),""Ada"",""Tidak Ada"")"),"Ada") -> Ada | BH14: =IF(N14 = "Belum Punya", "Tidak Ada", IF(N14 = "", "Tidak Menjawab", "Ada")) -> Ada | BI14: =IF(O14 = "Tidak Punya", "Tidak Ada", IF(O14 = "", "Tidak Menjawab", "Ada")) -> Ada | BJ14: =IF(AND(Q14="Ada",R14="Ada",S14="Ada"),"Lengkap","Tidak Lengkap") -> Lengkap | BK14: =IF(AND(T14="Ada",U14="Ada",V14="Ada",W14="Ada",X14="Ada",Y14="Ada"),"Lengkap","Tidak Lengkap") -> Lengkap
A15: 12 | B15: PROVINSI JAWA BARAT | C15: Utami Puspita Dewi, S.STP., M.Si/ 081221155235 | D15: Jl. L.L.RE Martadinata No. 2, Kota Bandung | E15: Tidak Ada | F15: 085222206777 | G15: UPTD PPA | H15: Peraturan Gubernur Jawa Barat Nomor 64 Tahun 2019 tentang Tugas Pokok, Fungsi, Rincian Tugas Unit dan Tata Kerja UPTD di Lingkungan DP3AKB Pemerintah Daerah Provinsi Jawa Barat | I15: 2019 | J15: A | K15: Utami Puspita Dewi, S.STP., M.Si/ 081221155235 | L15: uptdppa.dp3akb.jabar@gmail.com | M15: 1. Kepala UPTD 2. Kasubag TU 3. Kelompok Jabatan Fungsional | N15: MANDIRI | O15: MILIK SENDIRI | P15: Pemerintah Daerah | Q15: Ada | R15: Ada | S15: Ada | T15: Ada | U15: Tidak Ada | V15: Tidak Ada | W15: Tidak Ada | X15: Ada | Y15: Ada | Z15: Tidak Ada | AA15: Ada | AB15: Sudah | AC15: Sudah | AD15: Sudah | AE15: Sudah | AF15: Sudah | AG15: Sudah | AH15: Belum | AI15: Sudah | AJ15: Sudah | AK15: Sudah | AL15: Sudah | AM15: pengaduan dari masyarakat, penjangkuan korban, pengelolaan Kasus, Jika korban memerlukan pengamanan maka akan diberikan penampungan sementara di rumah aman | AN15: 948 | AO15: Kekerasan Terhadap Perempuan | AS15: v | BA15: =countif(AB15:AL15,"Sudah") -> 10 | BG15: =IFERROR(__xludf.DUMMYFUNCTION("IF(REGEXMATCH(H15,""Peraturan Gubernur""),""Ada"",""Tidak Ada"")"),"Ada") -> Ada | BH15: =IF(N15 = "Belum Punya", "Tidak Ada", IF(N15 = "", "Tidak Menjawab", "Ada")) -> Ada | BI15: =IF(O15 = "Tidak Punya", "Tidak Ada", IF(O15 = "", "Tidak Menjawab", "Ada")) -> Ada | BJ15: =IF(AND(Q15="Ada",R15="Ada",S15="Ada"),"Lengkap","Tidak Lengkap") -> Lengkap | BK15: =IF(AND(T15="Ada",U15="Ada",V15="Ada",W15="Ada",X15="Ada",Y15="Ada"),"Lengkap","Tidak Lengkap") -> Tidak Lengkap
A16: 13 | B16: PROVINSI JAWA TENGAH | C16: Eka Suprapti, ST, MM | D16: Jl. Puspowarno IV No. 11 Salaman Mloyo, Semarang Barat 50149 | E16: 85799664444 | F16: 85799664444 | G16: UPTD PPA Provinsi Jawa Tengah | H16: Peraturan Gubernur Jawa Tengah Nomor 15 Tahun 2023 tentang Organisasi dan Tata Kerja Dinas Pemberdayaan Perempuan, Perlindungan Anak, Pengendalian Penduduk, dan Keluarga Berencana Provinsi Jawa Tengah | I16: 2023 | J16: A | K16: Eka Suprapti, ST, MM/081325638917 | L16: uptdppajateng@gmail.com | M16: Kepala UPTD, Kasubag TU, Kelompok Jabatan Fungsional | N16: Mandiri | O16: Ada Melalui Kerja Sama | P16: - | Q16: Ada | R16: Ada | S16: Ada | T16: Ada | U16: Ada | V16: Ada | W16: Tidak Ada | X16: Tidak Ada | Y16: Tidak Ada | Z16: Tidak Ada | AA16: Tidak Ada | AB16: Sudah | AC16: Sudah | AD16: Sudah | AE16: Sudah | AF16: Sudah | AG16: Sudah | AH16: Belum | AI16: Sudah | AJ16: Sudah | AK16: Sudah | AL16: Sudah | AM16: pengaduan dari masyarakat, penjangkuan korban, pengelolaan Kasus, Jika korban memerlukan pengamanan maka akan diberikan penampungan sementara di rumah aman, jika korban memerlukan keberlangsungan pendidikan maka berkoordinasi dengan dinas pendidikan | AN16: 156 | AO16: Kekerasan seksual anak | AW16: v | AY16: Korban belum jujur dalam memberikan informasi kepada pendamping, Korban belum memiliki kemantapan dalam pengambilan keputusan, Belum semua jejaring memiliki perspektif yang sama dalam penanganan korban kekerasan | AZ16: Penanganan sesuai prioritas kebutuhan spesifik korban kekerasan | BA16: =countif(AB16:AL16,"Sudah") -> 10 | BG16: =IFERROR(__xludf.DUMMYFUNCTION("IF(REGEXMATCH(H16,""Peraturan Gubernur""),""Ada"",""Tidak Ada"")"),"Ada") -> Ada | BH16: =IF(N16 = "Belum Punya", "Tidak Ada", IF(N16 = "", "Tidak Menjawab", "Ada")) -> Ada | BI16: =IF(O16 = "Tidak Punya", "Tidak Ada", IF(O16 = "", "Tidak Menjawab", "Ada")) -> Ada | BJ16: =IF(AND(Q16="Ada",R16="Ada",S16="Ada"),"Lengkap","Tidak Lengkap") -> Lengkap | BK16: =IF(AND(T16="Ada",U16="Ada",V16="Ada",W16="Ada",X16="Ada",Y16="Ada"),"Lengkap","Tidak Lengkap") -> Tidak Lengkap
A17: 14 | B17: PROVINSI D I YOGYAKARTA | C17: Beni Kusambodo | D17: Jl. Tentara Rakyat Mataram No. 53 Yogyakarta | E17: (0274) 5030707 | G17: BALAI PPA | H17: Peraturan Gubernur (Pergub) Provinsi Daerah Istimewa Yogyakarta Nomor 11 Tahun 2022 tentang Pembentukan, Susunan Organisasi, Tugas, Fungsi, dan Tata Kerja Unit Pelaksana Teknis pada Dinas Pemberdayaan Perempuan, Perlindungan Anak, dan Pengendalian Penduduk | I17: 2022 | J17: B | K17: Beni Kusambodo/0815-7811-9696 | L17: bppa@jogjaprov.go.id ; bppadiy@gmail.com | M17: 1. Kepala Balai 2. Kasubag TU 3. Jabatan Fungsional | N17: MANDIRI | O17: MILIK SENDIRI | P17: Pemerintah Daerah | Q17: Ada | R17: Ada | S17: Tidak ada | T17: Tidak ada | U17: Ada | V17: Ada | W17: Ada | X17: Tidak ada | Y17: Tidak ada | Z17: Tidak ada | AA17: Tidak ada | AB17: Sudah | AC17: Sudah | AD17: Sudah | AE17: Sudah | AF17: Sudah | AG17: Sudah | AH17: Belum | AI17: Sudah | AJ17: Belum | AK17: Sudah | AL17: Belum | AN17: 47 (2024) | AO17: Kekerasan terhadap anak | AV17: v | AY17: Tidak tersedianya tenaga penerjemah untuk kasus yang melibatkan penyandang difabel, Kasus kekerasan seksual anak yang kemudian ortunya bersikeras tidak mau melanjutkan ke ranah hukum, Kasus tidak dapat dilanjutkan ke ranah hukum karena bukti dipandang penyidik masih kurang dan biasanya untuk kasus terkait siber | AZ17: Perlunya penilaian dan penerapan standarisasi layanan UPT, minimal layanan di Provinsi dahulu agar ada kesamaan pemahaman layanan dan agar korban menerima layanan yang sama dalam penanganan suatu kasus yang dirujuk | BA17: =countif(AB17:AL17,"Sudah") -> 8 | BB17: Ketersediaan Sumber Daya Manusia (SDM) | BC17: Stigma/Kesadaran Masyarakat akan Kekerasan | BG17: =IFERROR(__xludf.DUMMYFUNCTION("IF(REGEXMATCH(H17,""Peraturan Gubernur""),""Ada"",""Tidak Ada"")"),"Ada") -> Ada | BH17: =IF(N17 = "Belum Punya", "Tidak Ada", IF(N17 = "", "Tidak Menjawab", "Ada")) -> Ada | BI17: =IF(O17 = "Tidak Punya", "Tidak Ada", IF(O17 = "", "Tidak Menjawab", "Ada")) -> Ada | BJ17: =IF(AND(Q17="Ada",R17="Ada",S17="Ada"),"Lengkap","Tidak Lengkap") -> Tidak Lengkap | BK17: =IF(AND(T17="Ada",U17="Ada",V17="Ada",W17="Ada",X17="Ada",Y17="Ada"),"Lengkap","Tidak Lengkap") -> Tidak Lengkap
A18: 15 | B18: PROVINSI JAWA TIMUR | C18: Shinta Mawardiana/ 082244966000 | D18: Jl. Arjuno Nomor 88, Surabaya | E18: 0 | F18: 0895348771070 | G18: UPT PPA | H18: Peraturan Gubernur Jawa Timur Nomor 1 Tahun 2021 | I18: 2021 | J18: A | K18: Santiani/ 081246254083 | L18: uptdppa.dp3akprovjatim@gmail.com | M18: 1. Kepala UPT 2. Kasubag TU 3. Kasi Pengaduan, Penanganan dan Kedaruratan 4. Kasi Tindak Lanjut, Transisi dan Rehabilitasi | N18: MANDIRI | O18: MILIK SENDIRI | P18: Memberikan rumah perlindungan sementara ketika korban membutuhkan | Q18: Ada | R18: Ada | S18: Ada | T18: Ada | U18: Ada | V18: Ada | W18: Ada | X18: Ada | Y18: Tidak Ada | Z18: Tidak Ada | AA18: Ada | AB18: Sudah | AC18: Sudah | AD18: Sudah | AE18: Sudah | AF18: Sudah | AG18: Sudah | AH18: Sudah | AI18: Sudah | AJ18: Sudah | AK18: Sudah | AL18: Sudah | AM18: Catatan Kolom 35: Diberikan kepada korban kekerasan perempuan dan anak yang membutuhkan rumah aman selama maksimal 14 hari. Layanan yang diberikan meliputi konsultasi psikologis, konseling psikososial, layanan kesehatan dan bantuan hukum yang semunya dilakukan di Rumah Aman oleh petugas sesuai dengan kompetensi yang ada. | AU18: v | BA18: =countif(AB18:AL18,"Sudah") -> 11 | BG18: =IFERROR(__xludf.DUMMYFUNCTION("IF(REGEXMATCH(H18,""Peraturan Gubernur""),""Ada"",""Tidak Ada"")"),"Ada") -> Ada | BH18: =IF(N18 = "Belum Punya", "Tidak Ada", IF(N18 = "", "Tidak Menjawab", "Ada")) -> Ada | BI18: =IF(O18 = "Tidak Punya", "Tidak Ada", IF(O18 = "", "Tidak Menjawab", "Ada")) -> Ada | BJ18: =IF(AND(Q18="Ada",R18="Ada",S18="Ada"),"Lengkap","Tidak Lengkap") -> Lengkap | BK18: =IF(AND(T18="Ada",U18="Ada",V18="Ada",W18="Ada",X18="Ada",Y18="Ada"),"Lengkap","Tidak Lengkap") -> Tidak Lengkap
A19: 16 | B19: PROVINSI BANTEN | C19: Elis Pancaningsih,S.Sos,M.A | D19: Jalan Ki Ajurum No 4 Cipocok Jaya Kota Serang | E19: 0254 222418 | F19: 85129290316 | G19: UPTD PPA | H19: Peraturan Gubernur No 55 Tahun 2021 | I19: 2021 | J19: A | K19: 085286090400 ( Andri Humaedi) 085219951629 (Juhariah) | L19: uptd.ppa.banten@gmail.com | M19: Kepala UPTD, Kasubag TU, Kepala Seksi Pengaduan, Kepala Seksi Tindak Lanjut | N19: Mandiri | O19: Sewa/Kontrak | Q19: Ada | R19: Ada | S19: Ada | T19: Tidak Ada | U19: Tidak Ada | V19: Tidak Ada | W19: Tidak Ada | X19: Tidak Ada | Y19: Tidak Ada | Z19: Tidak Ada | AA19: Tidak Ada | AB19: Sudah | AC19: Sudah | AD19: Sudah | AE19: Sudah | AF19: Sudah | AG19: Sudah | AH19: Sudah | AI19: Sudah | AJ19: Sudah | AK19: Sudah | AL19: Sudah | AN19: 107 | AO19: Kekerasan Seksual Terhadap Anak | AU19: v | AY19: Penjemputan / Pemulangan Korban Lintas Provinsi | AZ19: Mekanisme Pelayanan Perempuan dan Anak Korban Kekerasan dibuat K/L secara terpadu di tingkat Pusat untuk kemudian diturunkan dan ditindaklanjuti di Daerah | BA19: =countif(AB19:AL19,"Sudah") -> 11 | BG19: =IFERROR(__xludf.DUMMYFUNCTION("IF(REGEXMATCH(H19,""Peraturan Gubernur""),""Ada"",""Tidak Ada"")"),"Ada") -> Ada | BH19: =IF(N19 = "Belum Punya", "Tidak Ada", IF(N19 = "", "Tidak Menjawab", "Ada")) -> Ada | BI19: =IF(O19 = "Tidak Punya", "Tidak Ada", IF(O19 = "", "Tidak Menjawab", "Ada")) -> Ada | BJ19: =IF(AND(Q19="Ada",R19="Ada",S19="Ada"),"Lengkap","Tidak Lengkap") -> Lengkap | BK19: =IF(AND(T19="Ada",U19="Ada",V19="Ada",W19="Ada",X19="Ada",Y19="Ada"),"Lengkap","Tidak Lengkap") -> Tidak Lengkap
A20: 17 | B20: PROVINSI BALI | C20: Luh Hety Vironika/ 081338552210 | D20: jl. Raya Pemongan no.209, denpasar | E20: (0361)4484315 | F20: 81338074883 | G20: UPTD PPA | H20: Peraturan Gubernur Bali Nomor 59 Tahun 2019 tentang Pembentukan Unit Pelaksana Teknis Daerah di Lingkungan Pemerintah Provinsi Bali | I20: 2019 | J20: A | K20: Luh Hety Vironika/ 081338552210, AA Utami Andayani/ 081338588906 | L20: uptdppaprovbali209@gmail.com | M20: Ka.UPTD PPA, Ka Subag TU, Kasi Penerimaan dan Klarifikasi, kasi Tindak Lanjut Kasus | N20: MANDIRI | O20: MILIK SENDIRI | P20: Pemerintah Daerah | Q20: Ada | R20: Ada | S20: Ada | T20: Ada | U20: Tidak Ada | V20: Ada | W20: Ada | X20: Ada | Y20: Ada | Z20: Tidak Ada | AA20: Tidak Ada | AB20: Sudah | AC20: Sudah | AD20: Sudah | AE20: Sudah | AF20: Sudah | AG20: Sudah | AH20: Sudah | AI20: Belum | AJ20: Sudah | AK20: Sudah | AL20: Sudah | AM20: Sudah | AN20: 524 | AO20: Kekerasan Terhadap Aperempuan | AP20: - | AQ20: 158 kasus | AR20: Fisik dan Psikis | AV20: v | BA20: =countif(AB20:AL20,"Sudah") -> 10 | BB20: Intervensi keluarga dan tidak mau dilaporkan ke kepolisian | BC20: Peningkatan koordinasi dengan lintas sektor, Pengembangan Kemampuan SDM Layanan dan Pengembangan SOP Layanan | BD20: 9 | BG20: =IFERROR(__xludf.DUMMYFUNCTION("IF(REGEXMATCH(H20,""Peraturan Gubernur""),""Ada"",""Tidak Ada"")"),"Ada") -> Ada | BH20: =IF(N20 = "Belum Punya", "Tidak Ada", IF(N20 = "", "Tidak Menjawab", "Ada")) -> Ada | BI20: =IF(O20 = "Tidak Punya", "Tidak Ada", IF(O20 = "", "Tidak Menjawab", "Ada")) -> Ada | BJ20: =IF(AND(Q20="Ada",R20="Ada",S20="Ada"),"Lengkap","Tidak Lengkap") -> Lengkap | BK20: =IF(AND(T20="Ada",U20="Ada",V20="Ada",W20="Ada",X20="Ada",Y20="Ada"),"Lengkap","Tidak Lengkap") -> Tidak Lengkap
A21: 18 | B21: PROVINSI NUSA TENGGARA BARAT | C21: Siti Eny Chaerany, SH | D21: Jalan Kaktus Nomor 6 Gomong Mataram | E21: 3707508946 | F21: 87881892220 | G21: UPTD PPA | H21: Peraturan Gubernur NTB Nomor 30 Tahun 2019 | I21: 2019 | J21: A | K21: 87881892220 | L21: uptdppaprovinsintb22@gmail.com | M21: Kepala UPTD, Kasubag TU, Kasi dan Kelompok Jabatan Fungsional | N21: Mandiri | O21: Kamar/Ruangan di Kantor | Q21: Ada | R21: Ada | S21: Ada | T21: Ada | U21: Tidak Ada | V21: Ada | W21: Ada | X21: Tidak Ada | Y21: Tidak Ada | Z21: Ada | AA21: Ada | AB21: Sudah | AC21: Sudah | AD21: Sudah | AE21: Sudah | AF21: Belum | AG21: Sudah | AH21: Belum | AI21: Sudah | AJ21: Belum | AK21: Sudah | AL21: Sudah | AN21: 80 kasus | AO21: kekerasan seksual | BA21: =countif(AB21:AL21,"Sudah") -> 8 | BG21: =IFERROR(__xludf.DUMMYFUNCTION("IF(REGEXMATCH(H21,""Peraturan Gubernur""),""Ada"",""Tidak Ada"")"),"Ada") -> Ada | BH21: =IF(N21 = "Belum Punya", "Tidak Ada", IF(N21 = "", "Tidak Menjawab", "Ada")) -> Ada | BI21: =IF(O21 = "Tidak Punya", "Tidak Ada", IF(O21 = "", "Tidak Menjawab", "Ada")) -> Ada | BJ21: =IF(AND(Q21="Ada",R21="Ada",S21="Ada"),"Lengkap","Tidak Lengkap") -> Lengkap | BK21: =IF(AND(T21="Ada",U21="Ada",V21="Ada",W21="Ada",X21="Ada",Y21="Ada"),"Lengkap","Tidak Lengkap") -> Tidak Lengkap
A22: 19 | B22: PROVINSI NUSA TENGGARA TIMUR | C22: Saleha H. Wongso, SE, MM | D22: Jl Beringin No. 1 Kelurahan Fontein Kecamatan Kota Raja Kota Kupang, Provinsi NTT | E22: 81236079933 | F22: 8111129129 | G22: UPTD PPA | H22: Peraturan Gubernur NTT Nomor 49 Tahun 2022 | I22: 2022 | J22: A | K22: 82144222630 | L22: megasidik25@gmail.com | M22: Kepala UPTD, Kasubag Tata Usaha, Kepala Seksi Pengaduan, Kepala Seksi Tindak Lanjut dan Kelompok Jabatan Fungsional | N22: Mandiri | O22: Milik Sendiri | P22: Gedung milik Pemerintah Provinsi NTT dan dibangun menggunakan APBD Provinsi NTT Tahun 2025 | Q22: Ada | R22: Ada | S22: Ada | T22: Ada | U22: Ada | V22: Ada | W22: Ada | X22: Ada | Y22: Ada | Z22: Ada | AA22: Ada | AB22: Sudah | AC22: Sudah | AD22: Sudah | AE22: Sudah | AF22: Sudah | AG22: Sudah | AH22: Sudah | AI22: Sudah | AJ22: Sudah | AK22: Sudah | AL22: Sudah | AN22: 398 | AO22: Psikis | AV22: v | AY22: Terbatasnya anggaran, terbatasnya sarana prasarana | AZ22: Mekanisme rujukan kasus secara online antar lintas daerah dan kewenangan | BA22: =countif(AB22:AL22,"Sudah") -> 11 | BG22: =IFERROR(__xludf.DUMMYFUNCTION("IF(REGEXMATCH(H22,""Peraturan Gubernur""),""Ada"",""Tidak Ada"")"),"Ada") -> Ada | BH22: =IF(N22 = "Belum Punya", "Tidak Ada", IF(N22 = "", "Tidak Menjawab", "Ada")) -> Ada | BI22: =IF(O22 = "Tidak Punya", "Tidak Ada", IF(O22 = "", "Tidak Menjawab", "Ada")) -> Ada | BJ22: =IF(AND(Q22="Ada",R22="Ada",S22="Ada"),"Lengkap","Tidak Lengkap") -> Lengkap | BK22: =IF(AND(T22="Ada",U22="Ada",V22="Ada",W22="Ada",X22="Ada",Y22="Ada"),"Lengkap","Tidak Lengkap") -> Lengkap
A23: 20 | B23: PROVINSI KALIMANTAN BARAT | C23: Nur Latifah/081345581234 | D23: Jalan Sultan Abdurrahman No. 101 Pontianak | E23: 0561 8102130 | F23: 082254080013 | G23: UPT PPA Provinsi Kalimantan Barat | H23: Peraturan Gubernur (Pergub) Provinsi Kalimantan Barat Nomor 101 Tahun 2020 tentang Pembentukan, Susunan Organisasi, Tugas dan Fungsi serta Tata Kerja Unit Pelaksana Teknis Perlindungan Perempuan dan Anak Provinsi Kalimantan Barat | I23: 2020 | J23: A | K23: Nur Latifah/081345581234 | L23: uptppa.provkalbar1@gmail.com | M23: Kepala UPTD, Kasubag TU dan Kelompok jabatan fungsional | N23: BERGABUNG DENGAN KANTOR DINAS | O23: MILIK SENDIRI | P23: Pemerintah Daerah | Q23: Ada | R23: Tidak Ada | S23: Tidak Ada | T23: Tidak Ada | U23: Tidak Ada | V23: Tidak Ada | W23: Tidak Ada | X23: Tidak Ada | Y23: Tidak Ada | Z23: Tidak Ada | AA23: Tidak Ada | AB23: Sudah | AC23: Sudah | AD23: Sudah | AE23: Sudah | AF23: Sudah | AG23: Sudah | AH23: Sudah | AI23: Sudah | AJ23: Sudah | AK23: Sudah | AL23: Sudah | AM23: pengaduan dari masyarakat, penjangkuan korban, pengelolaan Kasus, Jika korban memerlukan pengamanan maka akan diberikan penampungan sementara di rumah aman | AN23: 41 | AO23: Kekerasan terhadap anak | AT23: v | AY23: koordinasi antar lembaga belum efektif | AZ23: layanan terintegrasi | BA23: =countif(AB23:AL23,"Sudah") -> 11 | BG23: =IFERROR(__xludf.DUMMYFUNCTION("IF(REGEXMATCH(H23,""Peraturan Gubernur""),""Ada"",""Tidak Ada"")"),"Ada") -> Ada | BH23: =IF(N23 = "Belum Punya", "Tidak Ada", IF(N23 = "", "Tidak Menjawab", "Ada")) -> Ada | BI23: =IF(O23 = "Tidak Punya", "Tidak Ada", IF(O23 = "", "Tidak Menjawab", "Ada")) -> Ada | BJ23: =IF(AND(Q23="Ada",R23="Ada",S23="Ada"),"Lengkap","Tidak Lengkap") -> Tidak Lengkap | BK23: =IF(AND(T23="Ada",U23="Ada",V23="Ada",W23="Ada",X23="Ada",Y23="Ada"),"Lengkap","Tidak Lengkap") -> Tidak Lengkap
A24: 21 | B24: PROVINSI KALIMANTAN TENGAH | C24: Jumrah,S.ST.,M.AP | D24: Jl.Brigjen Katamso No. 11 | E24: - | F24: 8115201515 | G24: UPT PPA | H24: Peraturan Gubernur Nomor 2019 dan Peraturan Gubernur Nomor 48 Tahun 2023 | I24: 2019 | J24: A | K24: Rensi, M.Psi | L24: uptppa.kalteng.go.id | M24: Kepala UPT PPA, Kasubag TU, Kasie Pengaduan,Kasie Tindak lanjut, dan Kelompol Jabatan Fungsional | N24: Bergabung dengan Kantor Dinas | O24: Sewa/Kontrak | P24: - | Q24: Ada | R24: Ada | S24: Ada | T24: Ada | U24: Tidak Ada | V24: Tidak Ada | W24: Ada | X24: Tidak Ada | Y24: Tidak Ada | Z24: Tidak Ada | AA24: Ada | AB24: Sudah | AC24: Sudah | AD24: Sudah | AE24: Sudah | AF24: Sudah | AG24: Sudah | AH24: Sudah | AI24: Sudah | AJ24: Sudah | AK24: Sudah | AL24: Sudah | AN24: 64 kasus | AO24: Kekerasan Seksual | AS24: v | AW24: v | AY24: Keterbatasan SDM dan sarana prasarana | AZ24: Mekanisme administrasi dan birokrasi untuk penanganan kasus lintas provinsi agar dapat lebih cepat dalam penanganan. | BA24: =countif(AB24:AL24,"Sudah") -> 11 | BG24: =IFERROR(__xludf.DUMMYFUNCTION("IF(REGEXMATCH(H24,""Peraturan Gubernur""),""Ada"",""Tidak Ada"")"),"Ada") -> Ada | BH24: =IF(N24 = "Belum Punya", "Tidak Ada", IF(N24 = "", "Tidak Menjawab", "Ada")) -> Ada | BI24: =IF(O24 = "Tidak Punya", "Tidak Ada", IF(O24 = "", "Tidak Menjawab", "Ada")) -> Ada | BJ24: =IF(AND(Q24="Ada",R24="Ada",S24="Ada"),"Lengkap","Tidak Lengkap") -> Lengkap | BK24: =IF(AND(T24="Ada",U24="Ada",V24="Ada",W24="Ada",X24="Ada",Y24="Ada"),"Lengkap","Tidak Lengkap") -> Tidak Lengkap
A25: 22 | B25: PROVINSI KALIMANTAN SELATAN | C25: Drs. Musyridyansyah, M. Si | D25: Jl. Batu Tiban No.39, Tlk. Dalam, Kec. Banjarmasin Tengah, Kota Banjarmasin, Kalimantan Selatan 70115 | E25: 5114242128 | F25: 81253098883 | G25: UPTD Perlindungan Perempuan dan Anak Provinsi Kalimantan Selatan | H25: Peraturan Gubernur (Pergub) Provinsi Kalimantan Selatan Nomor 73 Tahun 2019 tentang Pembentukan, Organisasi, Dan Tata Kerja Unit Pelaksana Teknis Daerah Perlindungan Perempuan Dan Anak Pada Dinas Pemberdayaan Perempuan Dan Perlindungan Anak Provinsi Kalimantan Selatan | I25: 2019 | J25: A | K25: Ernawati (Kasubbag TU)/081251195092 | L25: ernawati.hertonie@gmail.com | M25: Kepala UPTD, Kasubag TU, Kasi Pengaduan, Kasi Tindak Lanjut dan Kelompok Jabatan Fungsional | N25: Mandiri | O25: Tidak Punya | Q25: Ada | R25: Ada | S25: Ada | T25: Tidak Ada | U25: Tidak Ada | V25: Tidak Ada | W25: Ada | X25: Ada | Y25: Ada | Z25: Tidak Ada | AA25: Tidak Ada | AB25: Sudah | AC25: Sudah | AD25: Sudah | AE25: Sudah | AF25: Belum | AG25: Sudah | AH25: Belum | AI25: Sudah | AJ25: Belum | AK25: Sudah | AL25: Sudah | AM25: Dari 11 Layanan yang sesuai dengan peraturan di atas saat ini UPTD PPA memenuhi 9 Layanan secara mandiri sedangkan 3 layanan yang terdiri dari layanan psikososial, rehabilitasi sosial, pemberdayaan sosial, dan reintegrasi sosial, layanan kebutuhan pemberdayaan ekonomi, dan layanan kebutuhan korban penyandang disabilitas bekerjasama dengan Dinas dan Lembaga terkait. | AN25: 49 Kasus | AO25: Kekerasan Seksual dan Kekerasan Psikis | AS25: v | AY25: Klien kurang kooperatif, sulitnya akses, kurangnya pemahaman tentang Undang-undang Tindak Pidana Kekerasan Seksual dari pihak kepolisian dan kejaksaan serta jumlah SDM yang kurang. | AZ25: Bangunan kantor yang terstandarisasi baik dari segi ruangan, fasilitas, dan SDM yang terlatih dibidangnya. | BA25: =countif(AB25:AL25,"Sudah") -> 8 | BG25: =IFERROR(__xludf.DUMMYFUNCTION("IF(REGEXMATCH(H25,""Peraturan Gubernur""),""Ada"",""Tidak Ada"")"),"Ada") -> Ada | BH25: =IF(N25 = "Belum Punya", "Tidak Ada", IF(N25 = "", "Tidak Menjawab", "Ada")) -> Ada | BI25: =IF(O25 = "Tidak Punya", "Tidak Ada", IF(O25 = "", "Tidak Menjawab", "Ada")) -> Tidak Ada | BJ25: =IF(AND(Q25="Ada",R25="Ada",S25="Ada"),"Lengkap","Tidak Lengkap") -> Lengkap | BK25: =IF(AND(T25="Ada",U25="Ada",V25="Ada",W25="Ada",X25="Ada",Y25="Ada"),"Lengkap","Tidak Lengkap") -> Tidak Lengkap
A26: 23 | B26: PROVINSI KALIMANTAN TIMUR | C26: Kholid Budhaeri, SH, M.Si | D26: Jl. Dewi Sartika, No. 13, Gedung C Lt. 1, Kelurahan Sei Pinang Dalam, Kecamatan Sei Pinang, Kota Samarinda | E26: 8115833121 | F26: budhaeri720530@gmail.com | G26: UPTD PPA | H26: Peraturan Gubernur Provinsi Kalimantan Timur Nomor 37 Tahun 2020 Pembentukan dan Susunan Organisasi Unit Pelaksana Teknis Daerah Perlindungan Perempuan dan Anak Pada Dinas Kependudukan, Pemberdayaan Perempuan dan Perlindungan Anak Provinsi Kalimantan Timur | I26: 2020 | J26: A | K26: Kholid Budhaeri / 081351963019 | L26: budhaeri720530@gmail.com | M26: Kepala UPTD, Kasubag TU, Kasi Pengaduan, Kasi Tindak Lanjut dan Kelompok Jabatan Fungsional | N26: Bergabung dengan Kantor Dinas | O26: Kamar/Ruangan di Kantor | Q26: Ada | R26: Ada | S26: Ada | T26: Ada | U26: Ada | V26: Tidak Ada | W26: Ada | X26: Tidak Ada | Y26: Ada | Z26: Tidak Ada | AA26: Tidak Ada | AB26: Sudah | AC26: Sudah | AD26: Sudah | AE26: Sudah | AF26: Sudah | AG26: Sudah | AH26: Sudah | AI26: Sudah | AJ26: Sudah | AK26: Sudah | AL26: Sudah | AM26: Belum bisa mengakomodir 11 layanan yang ada, namun tetap diupayakan untuk pemenuhannya | AN26: 48 Kasus | AO26: Kekerasan Terhadap Anak | AT26: v | AY26: 1. kesenjangan informasi antara penerima manfaat dengan pemberi layanan, 2. mekanisme layanan belum terintegrasi antar stakeholder, 3. Terbatasnya SDM dalam hal teknis layanan, 4. Anggaran yang belum mencukupi, 5. Insfrastruktur bangunan yang belum tersedia, 6. sarana prasarana untuk operasional belum tersedia | AZ26: masing-masing stakeholder mensinkronkan mekanisme yang terkait dalam urusan pelayanan perlindungan perempuan dan anak sehingga layanan dapat diselenggarakan secara CEKATAN | BA26: =countif(AB26:AL26,"Sudah") -> 11 | BG26: =IFERROR(__xludf.DUMMYFUNCTION("IF(REGEXMATCH(H26,""Peraturan Gubernur""),""Ada"",""Tidak Ada"")"),"Ada") -> Ada | BH26: =IF(N26 = "Belum Punya", "Tidak Ada", IF(N26 = "", "Tidak Menjawab", "Ada")) -> Ada | BI26: =IF(O26 = "Tidak Punya", "Tidak Ada", IF(O26 = "", "Tidak Menjawab", "Ada")) -> Ada | BJ26: =IF(AND(Q26="Ada",R26="Ada",S26="Ada"),"Lengkap","Tidak Lengkap") -> Lengkap | BK26: =IF(AND(T26="Ada",U26="Ada",V26="Ada",W26="Ada",X26="Ada",Y26="Ada"),"Lengkap","Tidak Lengkap") -> Tidak Lengkap
A27: 24 | B27: PROVINSI KALIMANTAN UTARA | C27: Arya Mulawarman, M.M | D27: Jalan Jelarai Raya - Tanjung Selor | E27: 082253995550 | F27: 082253995550 | G27: UPTD PPA | H27: Peraturan Gubernur Nomor 1 Tahun 2019 Tanggal 2 Januari 2019 tentang Organisasi dan Tata Kerja UPT pada Dinas PPPAPPKB Provinsi Kalimantan Utara | I27: 2019 | J27: A | K27: 082253995550 | L27: uptdppakaltara@gmail.com | M27: 1. Kepala UPTD 2. Kasubag TU 3. Kasi Pengaduan 4. Kasi Tindaklanjut 5. Staf | N27: MANDIRI | O27: ASET PEMDA | P27: Pemerintah Daerah | Q27: Ada | R27: Ada | S27: Tidak Ada | T27: Tidak Ada | U27: Tidak Ada | V27: Tidak Ada | W27: Tidak Ada | X27: Ada | Y27: Ada | Z27: Tidak Ada | AA27: Tidak Ada | AB27: Sudah | AC27: Sudah | AD27: Belum | AE27: Sudah | AF27: Sudah | AG27: Sudah | AH27: Belum | AI27: Sudah | AJ27: Belum | AK27: Sudah | AL27: Belum | AM27: pengaduan dari masyarakat, penjangkuan korban, pengelolaan Kasus, Jika korban memerlukan pengamanan maka akan diberikan penampungan sementara di rumah aman | AN27: 46 (2024) | AO27: Kekerasan Terhadap Anak | AS27: v | AW27: v | BA27: =countif(AB27:AL27,"Sudah") -> 7 | BG27: =IFERROR(__xludf.DUMMYFUNCTION("IF(REGEXMATCH(H27,""Peraturan Gubernur""),""Ada"",""Tidak Ada"")"),"Ada") -> Ada | BH27: =IF(N27 = "Belum Punya", "Tidak Ada", IF(N27 = "", "Tidak Menjawab", "Ada")) -> Ada | BI27: =IF(O27 = "Tidak Punya", "Tidak Ada", IF(O27 = "", "Tidak Menjawab", "Ada")) -> Ada | BJ27: =IF(AND(Q27="Ada",R27="Ada",S27="Ada"),"Lengkap","Tidak Lengkap") -> Tidak Lengkap | BK27: =IF(AND(T27="Ada",U27="Ada",V27="Ada",W27="Ada",X27="Ada",Y27="Ada"),"Lengkap","Tidak Lengkap") -> Tidak Lengkap
A28: 25 | B28: PROVINSI SULAWESI UTARA | C28: Marsel S. Silom, SE | D28: Jl. TNI No 2 Tikala Ares Kecamatan Tikala Kota Manado | E28: 6281380243727 | F28: 6285150537400 | G28: UPTD PPA | H28: Peraturan Gubernur Sulawesi Utara Nomor 31 Tahun 2020 tentang Pembentukan Unit Pelaksana Teknis Daerah Pada Dinas Pemberdayaan Perempuan dan Perlindungan Anak Daerah Provinsi Tipe A Provinsi Sulawesi Utara | I28: 2020 | J28: A | K28: Meydizon Derek, S.Sos | L28: myzone03@gmail.com | M28: Kepala UPTD PPA, Kasubag Tata Usaha, Kepala Seksi Pengaduan, Kepala Seksi Tindak Lanjut dan Kelompok Jabatan Fungsional | N28: Mandiri | O28: Milik Sendiri | Q28: Ada | R28: Ada | S28: Ada | T28: Ada | U28: Tidak Ada | V28: Tidak Ada | W28: Ada | X28: Ada | Y28: Tidak Ada | Z28: Tidak Ada | AA28: Tidak Ada | AB28: Sudah | AC28: Sudah | AD28: Sudah | AE28: Sudah | AF28: Sudah | AG28: Sudah | AH28: Sudah | AI28: Sudah | AJ28: Sudah | AK28: Sudah | AL28: Sudah | AN28: 203 | AO28: Kekerasan Fisik/Psikis | AT28: v | AY28: Masih terbatasnya dukungan SDM/Tenaga Layanan baik ASN/PNS maupun ASN dalam Jabtan Fungsional seperti Analis Hukum dan Pekerja Sosial termasuk juga Tenaga Kesehatan Perawat Pertama/Ahli Muda Kebutuhan sarana prasarana gedung kantor termasuk perlengkapan/peralatan masih kurang dalam rangka mendukung penyelenggaran layanan secara cepat dan komprehensif | AZ28: Terselenggaranya Layanan Perempuan dan Anak Korban Kekerasan yang Efektif, Cepat dan komprehensif bisa di terapkan yakni dengan mekanisme Layanan yang Berbasis Manajemen Kasus yang terintegrasi dengan baik Sistem Pelaporan dalam Aplikasi SIMFONI PPA maupun Layanan Call Centre SAPA 129 | BA28: =countif(AB28:AL28,"Sudah") -> 11 | BG28: =IFERROR(__xludf.DUMMYFUNCTION("IF(REGEXMATCH(H28,""Peraturan Gubernur""),""Ada"",""Tidak Ada"")"),"Ada") -> Ada | BH28: =IF(N28 = "Belum Punya", "Tidak Ada", IF(N28 = "", "Tidak Menjawab", "Ada")) -> Ada | BI28: =IF(O28 = "Tidak Punya", "Tidak Ada", IF(O28 = "", "Tidak Menjawab", "Ada")) -> Ada | BJ28: =IF(AND(Q28="Ada",R28="Ada",S28="Ada"),"Lengkap","Tidak Lengkap") -> Lengkap | BK28: =IF(AND(T28="Ada",U28="Ada",V28="Ada",W28="Ada",X28="Ada",Y28="Ada"),"Lengkap","Tidak Lengkap") -> Tidak Lengkap
A29: 26 | B29: PROVINSI SULAWESI TENGAH | C29: Patricia Zulkifli Yabi, S.STP., Msi | D29: Jalan Kolonel Sugiono Nomor 12 Palu | E29: 81145604320 | F29: 081145604320/081145604321 | G29: UPTD PPA Provinsi Sulawesi Tengah | H29: Peraturan Gubernur Sulawesi Tengah Nomor 48 Tahun 2020 | I29: 2020 | J29: A | K29: Muhlizar, S.Pi, M.Si/0811455882 | L29: muhlizardlh@gmail.com | M29: Kepala UPTD, Kasie TU, Kasie Penerimaan Kasus, Kasie Tindak Lanjut Kasus | N29: Mandiri | O29: Sewa/Kontrak | Q29: Ada | R29: Ada | S29: Ada | T29: Ada | U29: Ada | V29: Ada | W29: Ada | X29: Ada | Y29: Ada | Z29: Tidak Ada | AA29: Tidak Ada | AB29: Sudah | AC29: Sudah | AD29: Sudah | AE29: Sudah | AF29: Sudah | AG29: Sudah | AH29: Sudah | AI29: Sudah | AJ29: Sudah | AK29: Sudah | AL29: Sudah | AM29: terlaksana | AN29: 105 | AO29: kekerasan seksual | AT29: v | AY29: integrasi layanan yang belum maksimal | AZ29: adanya layanan satu atap dimana semua cakupan layanan bisa diakses dalam satu lokasi/bangunan. | BA29: =countif(AB29:AL29,"Sudah") -> 11 | BG29: =IFERROR(__xludf.DUMMYFUNCTION("IF(REGEXMATCH(H29,""Peraturan Gubernur""),""Ada"",""Tidak Ada"")"),"Ada") -> Ada | BH29: =IF(N29 = "Belum Punya", "Tidak Ada", IF(N29 = "", "Tidak Menjawab", "Ada")) -> Ada | BI29: =IF(O29 = "Tidak Punya", "Tidak Ada", IF(O29 = "", "Tidak Menjawab", "Ada")) -> Ada | BJ29: =IF(AND(Q29="Ada",R29="Ada",S29="Ada"),"Lengkap","Tidak Lengkap") -> Lengkap | BK29: =IF(AND(T29="Ada",U29="Ada",V29="Ada",W29="Ada",X29="Ada",Y29="Ada"),"Lengkap","Tidak Lengkap") -> Lengkap
A30: 27 | B30: PROVINSI SULAWESI SELATAN | C30: Hj. Andi Rahmi Adikarini, S.H, M.M | D30: Jl. Hertasning Vi No. 1 | E30: 82189059050 | F30: 82189059050 | G30: UPT PPA | H30: Peraturan Gubernur Sulawesi Selatan No. 53 Tahun 2020 | I30: 2020 | J30: A | K30: Musriani / 08114609992 | L30: Musrianifirman17@gmail.com | M30: Kepala UPTD, Kasubag TU, Kepala Seksi Pengaduan, Kepala Seksi Tindak Lanjut, Kelompok Jabatan Fungsional | N30: Mandiri | O30: Milik Sendiri | P30: Rumah Perlindungan dalam proses penandatanganan kepemilikan gedung oleh Gubernur Sulawesi Selatan | Q30: Ada | R30: Ada | S30: Ada | T30: Ada | U30: Ada | V30: Ada | W30: Tidak Ada | X30: Ada | Y30: Ada | Z30: Tidak Ada | AA30: Tidak Ada | AB30: Sudah | AC30: Sudah | AD30: Sudah | AE30: Sudah | AF30: Sudah | AG30: Sudah | AH30: Sudah | AI30: Sudah | AJ30: Sudah | AK30: Sudah | AL30: Sudah | AN30: 292 | AO30: Kekerasan Seksual | AT30: 1 | AY30: 1. Keterbatasan Sumber Daya Manusia, 2. Keterbatasan Sarana dan Prasarana 3. Keterbatasan Anggaran 4. Kondisi Kabupaten/Kota relatif belum maksimal dalam tindak lanjut layanan | AZ30: Sangat dibutuhkan pelatihan dan Pendidikan untuk meningkatkan kesadaran petugas layanan dalam menangani kasus kekerasan terhadap perempuan dan anak. | BA30: =countif(AB30:AL30,"Sudah") -> 11 | BG30: =IFERROR(__xludf.DUMMYFUNCTION("IF(REGEXMATCH(H30,""Peraturan Gubernur""),""Ada"",""Tidak Ada"")"),"Ada") -> Ada | BH30: =IF(N30 = "Belum Punya", "Tidak Ada", IF(N30 = "", "Tidak Menjawab", "Ada")) -> Ada | BI30: =IF(O30 = "Tidak Punya", "Tidak Ada", IF(O30 = "", "Tidak Menjawab", "Ada")) -> Ada | BJ30: =IF(AND(Q30="Ada",R30="Ada",S30="Ada"),"Lengkap","Tidak Lengkap") -> Lengkap | BK30: =IF(AND(T30="Ada",U30="Ada",V30="Ada",W30="Ada",X30="Ada",Y30="Ada"),"Lengkap","Tidak Lengkap") -> Tidak Lengkap
A31: 28 | B31: PROVINSI SULAWESI TENGGARA | C31: Sumartin Sirajuddin Ali, SE., M.Si/ 0852 4226 2247 | D31: Jalan Pangeran Antasari No. 1 Kompleks Perkantoran Bumi Praja Andonohu | E31: 0401 3082661 | F31: 0812 6865 0303 | G31: UPTD PPA | H31: Peraturan Gubernur Sulawesi Tenggara Nomor 71 Tahun 2017 tentang Pembentukan, Kedudukan, Susunan Organisasi, Tugas dan Fungsi Serta Tata Kerja Unit Pelaksana Teknis Dinas Pada Dinas Pemberdayaan Perempuan, Perlindungan Anak, Pengendalian Penduduk dan Keluarga Berencana Provinsi Sulawesi Tenggara (Lembaran Daerah Provinsi Sulawesi Tenggara Tahun 2017 Nomor 71) sebagaimana telah diubah dengan Peraturan Gubernur Sulawesi Tenggara Nomor 22 Tahun 2024 Tentang Perubahan atas Peraturan Gubernur Sulawesi Tenggara Nomor 71 Tahun 2017 tentang Pembentukan, Kedudukan, Susunan Organisasi, Tugas dan Fungsi Serta Tata Kerja Unit Pelaksana Teknis Dinas Pada Dinas Pemberdayaan Perempuan, Perlindungan Anak, Pengendalian Penduduk dan Keluarga Berencana Provinsi Sulawesi Tenggara | I31: 2017 | J31: A | K31: Iin Kurniati Bafadal/ 0821 9328 0805 | L31: sultrauptdppa@gmail.com | M31: Kepala UPTD, Kasubag TU | N31: Bergabung dengan Rumah Perlindungan | O31: Kamar di Kantor | P31: Kantor UPTD sementara dalam tahap renovasi gedung dengan menggunakan DAK Fisik Pelayanan PPA Tahun Anggaran 2025 Rumah perlindungan merupakan aset Pemda Prov. Sultra | Q31: Tidak Ada | R31: Ada | S31: Ada | T31: Ada | U31: Ada | V31: Tidak Ada | W31: Tidak Ada | X31: Ada | Y31: Ada | Z31: Tidak Ada | AA31: Tidak Ada | AB31: Sudah | AC31: Sudah | AD31: Sudah | AE31: Sudah | AF31: Belum | AG31: Sudah | AH31: Belum | AI31: Sudah | AJ31: Sudah | AK31: Sudah | AL31: Sudah | AM31: Pengaduan masyarakat, penjangkauan dan pendampingan korban, memberikan pelayanan konseling kepada korban, jika korban memerlukan penampungan sementara di rumah perlindungan | AN31: 45 | AO31: Kekerasan terhadap anak | AQ31: v | AX31: v | AY31: Kurangnya kualitas SDM yang profesional, Keterbatasan sarana dan prasarana, Kurangnya pemahaman masyarakat terkait layanan yang diberikan | AZ31: Lebih mengefektifkan pengaduan secara online yang bisa diakses oleh masyarakat 24 jam | BA31: =countif(AB31:AL31,"Sudah") -> 9 | BG31: =IFERROR(__xludf.DUMMYFUNCTION("IF(REGEXMATCH(H31,""Peraturan Gubernur""),""Ada"",""Tidak Ada"")"),"Ada") -> Ada | BH31: =IF(N31 = "Belum Punya", "Tidak Ada", IF(N31 = "", "Tidak Menjawab", "Ada")) -> Ada | BI31: =IF(O31 = "Tidak Punya", "Tidak Ada", IF(O31 = "", "Tidak Menjawab", "Ada")) -> Ada | BJ31: =IF(AND(Q31="Ada",R31="Ada",S31="Ada"),"Lengkap","Tidak Lengkap") -> Tidak Lengkap | BK31: =IF(AND(T31="Ada",U31="Ada",V31="Ada",W31="Ada",X31="Ada",Y31="Ada"),"Lengkap","Tidak Lengkap") -> Tidak Lengkap
A32: 29 | B32: PROVINSI GORONTALO | C32: Fatma Biki, SE, SH, MH | D32: Jl. Tinaloga Desa Toto Utara Kec. Tilong Kabila Kab. Bone Bolango | E32: 85218525865 | F32: 85219991008 | G32: UPTD PPA | H32: Peraturan Gubernur Gorontalo Nomor 15 Tahun 2024 tentang Pembentukan, Kedudukan, Susunan organisasi, Tugas dan Fungsi serta tata kerja UPTDPPA, dan UPTD lain di Provinsi Gorontalo | I32: 2024 | J32: A | K32: Onny / 082191503234 | L32: dinaspppaprovgorontalo@gmail.com | M32: KUPTD, Kasubag TU, Kasie Aduan, Kasie Tindak Lanjut dan Kelompok Jabatan Fungsional | N32: Bergabung dengan Kantor Dinas | O32: Sewa/Kontrak | Q32: Ada | R32: Tidak Ada | S32: Tidak Ada | T32: Ada | U32: Ada | V32: Tidak Ada | W32: Ada | X32: Tidak Ada | Y32: Ada | Z32: Ada | AA32: Ada | AB32: Sudah | AC32: Sudah | AD32: Sudah | AE32: Sudah | AF32: Sudah | AG32: Sudah | AH32: Belum | AI32: Sudah | AJ32: Belum | AK32: Sudah | AL32: Sudah | AN32: 98 | AO32: Kekerasa Seksual dan Kekerasan Fisik | AW32: 2023 | AX32: Sarana dan Prasarana | AY32: Unit Reaksi Cepat (URC): Bentuk tim respons cepat yang terdiri dari pekerja sosial, psikolog, dan aparat penegak hukum (khususnya unit PPA) yang siap menjangkau korban di lokasi kejadian atau di mana pun mereka merasa aman untuk memberikan perlindungan segera dan assessment awal. Program Pemberdayaan Ekonomi: Berikan pelatihan keterampilan dan akses ke modal usaha bagi korban dewasa untuk mencapai kemandirian ekonomi, sehingga mereka tidak lagi bergantung pada pelaku atau lingkungan yang berbahaya. Dukungan Pendidikan: Pastikan anak korban kekerasan tetap dapat mengakses pendidikan formal atau informal, dengan dukungan psikososial di sekolah jika diperlukan. Reintegrasi Sosial: Fasilitasi proses reintegrasi korban ke dalam masyarakat dengan membangun dukungan sosial, mengurangi stigma, dan memastikan lingkungan yang aman dan mendukung. Mekanisme Pengawasan dan Akuntabilitas: Tetapkan mekanisme pengawasan yang jelas untuk memastikan semua layanan berjalan sesuai standar dan ada akuntabilitas bagi pihak yang tidak menjalankan tugasnya. Dengan menerapkan mekanisme ini, diharapkan perempuan dan anak korban kekerasan dapat memperoleh perlindungan, pemulihan, dan keadilan secara efektif, serta memutus mata rantai kekerasan. | AZ32: Unit Reaksi Cepat (URC): Bentuk tim respons cepat yang terdiri dari pekerja sosial, psikolog, dan aparat penegak hukum (khususnya unit PPA) yang siap menjangkau korban di lokasi kejadian atau di mana pun mereka merasa aman untuk memberikan perlindungan segera dan assessment awal. Program Pemberdayaan Ekonomi: Berikan pelatihan keterampilan dan akses ke modal usaha bagi korban dewasa untuk mencapai kemandirian ekonomi, sehingga mereka tidak lagi bergantung pada pelaku atau lingkungan yang berbahaya. Dukungan Pendidikan: Pastikan anak korban kekerasan tetap dapat mengakses pendidikan formal atau informal, dengan dukungan psikososial di sekolah jika diperlukan. Reintegrasi Sosial: Fasilitasi proses reintegrasi korban ke dalam masyarakat dengan membangun dukungan sosial, mengurangi stigma, dan memastikan lingkungan yang aman dan mendukung. Mekanisme Pengawasan dan Akuntabilitas: Tetapkan mekanisme pengawasan yang jelas untuk memastikan semua layanan berjalan sesuai standar dan ada akuntabilitas bagi pihak yang tidak menjalankan tugasnya. Dengan menerapkan mekanisme ini, diharapkan perempuan dan anak korban kekerasan dapat memperoleh perlindungan, pemulihan, dan keadilan secara efektif, serta memutus mata rantai kekerasan. | BA32: =countif(AB32:AL32,"Sudah") -> 9 | BG32: =IFERROR(__xludf.DUMMYFUNCTION("IF(REGEXMATCH(H32,""Peraturan Gubernur""),""Ada"",""Tidak Ada"")"),"Ada") -> Ada | BH32: =IF(N32 = "Belum Punya", "Tidak Ada", IF(N32 = "", "Tidak Menjawab", "Ada")) -> Ada | BI32: =IF(O32 = "Tidak Punya", "Tidak Ada", IF(O32 = "", "Tidak Menjawab", "Ada")) -> Ada | BJ32: =IF(AND(Q32="Ada",R32="Ada",S32="Ada"),"Lengkap","Tidak Lengkap") -> Tidak Lengkap | BK32: =IF(AND(T32="Ada",U32="Ada",V32="Ada",W32="Ada",X32="Ada",Y32="Ada"),"Lengkap","Tidak Lengkap") -> Tidak Lengkap
A33: 30 | B33: PROVINSI SULAWESI BARAT | C33: Hj. Nurcahyani, SE | D33: Jl. Nelayan Perum Permata Biru Blok B No. 3 | E33: 82188877422 | F33: 82188877422 | G33: UPTD PPA | H33: Peraturan Gubernur Sulawesi Barat Nomor 36 Tahun 2018 Tentang Perubahan atas Peraturan Gubernur Sulawesi Barat No. 41 Tahun 2017 tentang Fungsi dan Tata Kerja Cabang Dinas dan Unit Pelaksana Tekhnis Daerah (UPTD) Provinsi Sulawesi Barat | I33: 2018 | J33: A | K33: 82188877422 | L33: uptppasulbar@gmail.com | M33: Kepala UPTD, Kasubag TU, Kasi Pengaduan, Kasi Tindak Lanjut, Analis SDM Aparatur Ahli Pertama, Analis Hukum Ahli Pertama, Pekerja Sosial Ahli Pertama | N33: Sewa Gedung | O33: Sewa Rumah Aman | P33: Saat ini UPTD PPA menyewa gedung untuk kantor | Q33: Ada | R33: Ada | S33: Ada | T33: Ada | U33: Ada | V33: Ada | W33: Tidak Ada | X33: Ada | Y33: Tidak Ada | Z33: Ada | AA33: Ada | AB33: Sudah | AC33: Sudah | AD33: Belum | AE33: Sudah | AF33: Sudah | AG33: Sudah | AH33: Belum | AI33: Sudah | AJ33: Belum | AK33: Sudah | AL33: Sudah | AM33: Saat ini UPTD PPA Sulawesi Barat belum secara keseluruhan melaksanakan 11 layanan antara lain identifikasi pemberdayaan ekonomi yang belum terimplementasi | AN33: 36 | AO33: Kekerasan Seksual | AQ33: v | AX33: v | AY33: Tantangan yang dihadapi dalam pemberian layanan antara lain Fasilitas yakni Sarana dan Prasana kantor yang tidak memadai, saat ini kantor UPTD PPA Sulawesi Barat belum memiliki gedung permanen, sarana kantor berupa PC/Komputer kantor tidak tersedia, Anggaran untuk penjangkauan kasus sangat tidak memadai | AZ33: - Menyediakan anggaran untuk sosialisasi layanan UPTD PPA - Melakukan Sosialisasi terkait layanan UPTD PPA Perempuan dan Anak secara langsung kepada Masyarakat karena sejauh ini banyak korban yang masih tidak mengetahui adanya UPTD PPA sehingga banyak korban/kasus yang tidak tertangani dan terlaporkan | BA33: =countif(AB33:AL33,"Sudah") -> 8 | BG33: =IFERROR(__xludf.DUMMYFUNCTION("IF(REGEXMATCH(H33,""Peraturan Gubernur""),""Ada"",""Tidak Ada"")"),"Ada") -> Ada | BH33: =IF(N33 = "Belum Punya", "Tidak Ada", IF(N33 = "", "Tidak Menjawab", "Ada")) -> Ada | BI33: =IF(O33 = "Tidak Punya", "Tidak Ada", IF(O33 = "", "Tidak Menjawab", "Ada")) -> Ada | BJ33: =IF(AND(Q33="Ada",R33="Ada",S33="Ada"),"Lengkap","Tidak Lengkap") -> Lengkap | BK33: =IF(AND(T33="Ada",U33="Ada",V33="Ada",W33="Ada",X33="Ada",Y33="Ada"),"Lengkap","Tidak Lengkap") -> Tidak Lengkap
A34: 31 | B34: PROVINSI MALUKU | C34: Rizka M. Sangadji SP MSi | D34: Jalan Raya Pattimura No. 21 Ambon | E34: tidak ada | F34: tidak ada | G34: UPTD PPA | H34: Peraturan Gubernur Maluku Nomor 19 Tahun 2022 | I34: 2022 | J34: A | K34: Yunita Elvionita Tanlain | L34: unitaratanlain@gmail.com | M34: Kepala UPTD, Kasubag TU, Kasie Pelayanan Tindak Lanjut, Kasie Pelayanan Pengaduan | N34: Bergabung dengan Kantor Dinas | O34: Tidak Punya | P34: Kantor UPTD menempati 1 ruangan pada Kantor Dinas P3A, Rumah Perlindungan bekerjasama dengan LSM | Q34: Tidak Ada | R34: Tidak Ada | S34: Tidak Ada | T34: Tidak Ada | U34: Tidak Ada | V34: Tidak Ada | W34: Tidak Ada | X34: Tidak Ada | Y34: Tidak Ada | Z34: Tidak Ada | AA34: Tidak Ada | AB34: Sudah | AC34: Sudah | AD34: Sudah | AE34: Sudah | AF34: Belum | AG34: Sudah | AH34: Belum | AI34: Sudah | AJ34: Belum | AK34: Sudah | AL34: Belum | AM34: Bekerjasama dengan Lembaga Layanan lainnya | AN34: 48 (perempuan 17 kasus, anak 31 kasus) | AO34: Kekerasan Seksual | AV34: v | AY34: Keterbatasan sumberdaya dan sarana prasarana, kondisi geografis wilayah kepulauan | AZ34: SOP yang jelas sesuai kewenangan | BA34: =countif(AB34:AL34,"Sudah") -> 7 | BB34: Ketersediaan Sarana dan Prasarana | BC34: Ketersediaan Sumber Daya Manusia (SDM) | BG34: =IFERROR(__xludf.DUMMYFUNCTION("IF(REGEXMATCH(H34,""Peraturan Gubernur""),""Ada"",""Tidak Ada"")"),"Ada") -> Ada | BH34: =IF(N34 = "Belum Punya", "Tidak Ada", IF(N34 = "", "Tidak Menjawab", "Ada")) -> Ada | BI34: =IF(O34 = "Tidak Punya", "Tidak Ada", IF(O34 = "", "Tidak Menjawab", "Ada")) -> Tidak Ada | BJ34: =IF(AND(Q34="Ada",R34="Ada",S34="Ada"),"Lengkap","Tidak Lengkap") -> Tidak Lengkap | BK34: =IF(AND(T34="Ada",U34="Ada",V34="Ada",W34="Ada",X34="Ada",Y34="Ada"),"Lengkap","Tidak Lengkap") -> Tidak Lengkap
A35: 32 | B35: PROVINSI MALUKU UTARA | C35: Imam Ruamat Abdul Kadir | D35: Jalan Ki Hajar Dewantara (KM. 40) Sofifi | E35: - | F35: 082267388825 | G35: UPTD PPA | H35: Peraturan Gubernur Maluku Utara Nomor 29 Tahun 2020 tentang Pembentukan UPTD PPA Provinsi Maluku Utara | I35: 2020 | J35: A | K35: Pingkan Eka Melinda / 081343719909 Hartati Hataul / 085256642007 | L35: uptdppamalut@gmail.com | M35: 1. Kepala UPTD 2. Kasubag TU 3. Kasie Penerimaan Pengaduan 4. Kasie Tindak Lanjut Kasus 5. Kelompok Jabatan Fungsional | N35: MANDIRI | O35: MILIK SENDIRI | P35: Pemerintah Daerah | Q35: Ada | R35: Ada | S35: Ada | T35: Tidak Ada | U35: Tidak Ada | V35: Tidak Ada | W35: Ada | X35: Tidak Ada | Y35: Ada | Z35: Tidak Ada | AA35: Tidak Ada | AB35: Sudah | AC35: Belum | AD35: Sudah | AE35: Sudah | AF35: Belum | AG35: Sudah | AH35: Belum | AI35: Sudah | AJ35: Belum | AK35: Sudah | AL35: Sudah | AM35: pengaduan dari masyarakat, penjangkuan korban, pengelolaan Kasus, Jika korban memerlukan pengamanan maka akan diberikan penampungan sementara di rumah aman | AN35: 42 kasus (23 langsung, 17 rujukan dan 2 rujukan luar prov) | AO35: Kekerasan Seksual Terhadap Anak | AT35: v | AY35: - layanan terhadap korban tidak didukung dengan anggaran yang tersedia setiap saat - SDM terbatas/SDM sesuai Keputusan MenpanRB Nomor 998/2021tidak tersedia | BA35: =countif(AB35:AL35,"Sudah") -> 7 | BB35: Ketersediaan Anggaran | BC35: Ketersediaan Sumber Daya Manusia (SDM) | BG35: =IFERROR(__xludf.DUMMYFUNCTION("IF(REGEXMATCH(H35,""Peraturan Gubernur""),""Ada"",""Tidak Ada"")"),"Ada") -> Ada | BH35: =IF(N35 = "Belum Punya", "Tidak Ada", IF(N35 = "", "Tidak Menjawab", "Ada")) -> Ada | BI35: =IF(O35 = "Tidak Punya", "Tidak Ada", IF(O35 = "", "Tidak Menjawab", "Ada")) -> Ada | BJ35: =IF(AND(Q35="Ada",R35="Ada",S35="Ada"),"Lengkap","Tidak Lengkap") -> Lengkap | BK35: =IF(AND(T35="Ada",U35="Ada",V35="Ada",W35="Ada",X35="Ada",Y35="Ada"),"Lengkap","Tidak Lengkap") -> Tidak Lengkap
A36: 33 | B36: PROVINSI PAPUA BARAT | C36: Herlin Turukay, SE.,M.Si | D36: Jalan Trikora Arfai II Manokwari Papua Barat | E36: - | F36: - | G36: UPTD PPA | H36: Peraturan Gubernur Papua Barat Nomor 16 Tahun 2021 | I36: 2021 | J36: A | K36: Herlin Turukay | L36: herlinturukay121@gmail.com | M36: Kepala UPTD, Subbagian Tata Usaha, Seksi Pengaduan, Seksi Tindak Lanjut; dan Jabatan Fungsional | N36: Belum Punya | O36: Tidak Punya | P36: gedung kantor UPTD PPA Prov. Papua Barat belum punya dikarenakan masih kontrak RUKO yang terpisah dengan Dinas. | Q36: Ada | R36: Tidak Ada | S36: Tidak Ada | T36: Ada | U36: Ada | V36: Ada | W36: Ada | X36: Ada | Y36: Ada | Z36: Tidak Ada | AA36: Tidak Ada | AB36: Sudah | AC36: Sudah | AD36: Sudah | AE36: Sudah | AF36: Sudah | AG36: Sudah | AH36: Sudah | AI36: Sudah | AJ36: Sudah | AK36: Sudah | AL36: Sudah | AM36: - | AN36: 47 kasus | AO36: Pelecehan Anak di bawah Umur | BA36: =countif(AB36:AL36,"Sudah") -> 11 | BG36: =IFERROR(__xludf.DUMMYFUNCTION("IF(REGEXMATCH(H36,""Peraturan Gubernur""),""Ada"",""Tidak Ada"")"),"Ada") -> Ada | BH36: =IF(N36 = "Belum Punya", "Tidak Ada", IF(N36 = "", "Tidak Menjawab", "Ada")) -> Tidak Ada | BI36: =IF(O36 = "Tidak Punya", "Tidak Ada", IF(O36 = "", "Tidak Menjawab", "Ada")) -> Tidak Ada | BJ36: =IF(AND(Q36="Ada",R36="Ada",S36="Ada"),"Lengkap","Tidak Lengkap") -> Tidak Lengkap | BK36: =IF(AND(T36="Ada",U36="Ada",V36="Ada",W36="Ada",X36="Ada",Y36="Ada"),"Lengkap","Tidak Lengkap") -> Lengkap
A37: 34 | B37: PROVINSI PAPUA | C37: NUNIA W. DEDA, A.Mtr.D (Plt Ka UPTD PPA) | D37: JALAN BERDIKARI NO. 1 JAYAPURA DEPAN TAMAN IMBI | E37: BELUM ADA | F37: BELUM ADA | H37: Peraturan Gubernur Papua Nomor 13 Tahun 2025 tentang Perubahan atas Peraturan Gubernur Papua Nomor 42 Tahun 2024 tentang Organisasi dan Tata Kerja Unit Pelaksana Teknis Daerah pada Dinas Pemberdayaan Perempuan, Perlindungan Anak dan Keluarga Berencana | I37: 2020 | J37: A | K37: Nuni Deda/82198416828 | L37: uptdppapapua@gmail.com | M37: Kepala UPTD PPA | N37: PINJAM GEDUNG SELAIN DPPPA | O37: Gedung milik DP3AKB, namun gedung kondisi saat ini rusak sedang | P37: PEMERINTAH DAERAH - (14): DINAS, TETAPI PUNYA RUANGAN SENDIRI UNTUK PELAYANAN | Q37: BELUM ADA | R37: TIDAK ADA | S37: TIDAK ADA | T37: ADA | U37: ADA | V37: TIDAK ADA | W37: TIDAK ADA | X37: TIDAK ADA | Y37: ADA | Z37: TIDAK ADA | AA37: ADA | AB37: SUDAH | AC37: SUDAH | AD37: SUDAH | AE37: SUDAH | AF37: SUDAH | AG37: SUDAH | AH37: SUDAH | AI37: SUDAH | AJ37: BELUM | AK37: SUDAH | AL37: SUDAH | AM37: Pengaduan dari masyarakat Penjangkauan Korban, Pengelolaan Kasus, Jika korban memerlukan pengamanan maka akan diberikan penampungan sementara di rumah aman | AN37: KTA = 40 , KTP = 29 KTL = 3 TOTAL = 99 | AY37: Penyelesaian Masalah secara kekeluargaan Jika pelaku kekerasan adalah APH Penjangkauan korban di Medan yang sulit Anggaran turun di tengah tahun | AZ37: Integrasi Pelayanan Pelaporan antara UPTD, APH dan | BA37: =countif(AB37:AL37,"Sudah") -> 10 | BG37: =IFERROR(__xludf.DUMMYFUNCTION("IF(REGEXMATCH(H37,""Peraturan Gubernur""),""Ada"",""Tidak Ada"")"),"Ada") -> Ada | BH37: =IF(N37 = "Belum Punya", "Tidak Ada", IF(N37 = "", "Tidak Menjawab", "Ada")) -> Ada | BI37: =IF(O37 = "Tidak Punya", "Tidak Ada", IF(O37 = "", "Tidak Menjawab", "Ada")) -> Ada | BJ37: =IF(AND(Q37="Ada",R37="Ada",S37="Ada"),"Lengkap","Tidak Lengkap") -> Tidak Lengkap | BK37: =IF(AND(T37="Ada",U37="Ada",V37="Ada",W37="Ada",X37="Ada",Y37="Ada"),"Lengkap","Tidak Lengkap") -> Tidak Lengkap
A38: 35 | B38: PROVINSI PAPUA PEGUNUNGAN | BA38: =countif(AB38:AL38,"Sudah") -> 0 | BG38: =IFERROR(__xludf.DUMMYFUNCTION("IF(REGEXMATCH(H38,""Peraturan Gubernur""),""Ada"",""Tidak Ada"")"),"Tidak Ada") -> Tidak Ada | BK38: =IF(AND(T38="Ada",U38="Ada",V38="Ada",W38="Ada",X38="Ada",Y38="Ada"),"Lengkap","Tidak Lengkap") -> Tidak Lengkap
A39: 36 | B39: PROVINSI PAPUA TENGAH | BA39: =countif(AB39:AL39,"Sudah") -> 0 | BG39: =IFERROR(__xludf.DUMMYFUNCTION("IF(REGEXMATCH(H39,""Peraturan Gubernur""),""Ada"",""Tidak Ada"")"),"Tidak Ada") -> Tidak Ada | BK39: =IF(AND(T39="Ada",U39="Ada",V39="Ada",W39="Ada",X39="Ada",Y39="Ada"),"Lengkap","Tidak Lengkap") -> Tidak Lengkap
A40: 37 | B40: PROVINSI PAPUA SELATAN | BH40: =IF(N40 = "Belum Punya", "Tidak Ada", IF(N40 = "", "Tidak Menjawab", "Ada")) -> Tidak Menjawab | BI40: =IF(O40 = "Tidak Punya", "Tidak Ada", IF(O40 = "", "Tidak Menjawab", "Ada")) -> Tidak Menjawab | BJ40: =IF(AND(Q40="Ada",R40="Ada",S40="Ada"),"Lengkap","Tidak Lengkap") -> Tidak Lengkap | BK40: =IF(AND(T40="Ada",U40="Ada",V40="Ada",W40="Ada",X40="Ada",Y40="Ada"),"Lengkap","Tidak Lengkap") -> Tidak Lengkap
A41: 38 | B41: PROVINSI PAPUA BARAT DAYA | BK41: =IF(AND(T41="Ada",U41="Ada",V41="Ada",W41="Ada",X41="Ada",Y41="Ada"),"Lengkap","Tidak Lengkap") -> Tidak Lengkap

Sheet UPTD PPA KabKota
A2: PROVINSI | B2: No. | C2: KABUPATEN/KOTA yang sudah mengirim balik (termasuk yang sedang memperbaiki data) ⬇: | D2: NAMA KEPALA UPTD | E2: ALAMAT KANTOR | F2: NO. TELP KANTOR UPTD PPA | G2: NO. HOTLINE LAYANAN UPTD | H2: NOMENKLATUR | I2: Dasar Pembentukan | J2: TAHUN (Dasar Pembentukan) | K2: KELAS UPTD | L2: CONTACT PERSON | M2: EMAIL | N2: STRUKTUR ORGANISASI UPTD PPA | O2: KETERSEDIAAN GEDUNG/KANTOR UPTD YANG TERPISAH DARI DINAS | P2: KETERSEDIAAN RUMAH PERLINDUNGAN | Q2: KETERANGAN | R2: KEBIJAKAN STANDAR PELAYANAN | S2: Ketersediaan | AC2: IMPLEMENTASI 11 TUGAS UPTD PPA PROVINSI DAN KABUPATEN/KOTA SESUAI UU NOMOR 12 TAHUN 2022 DAN PERATURAN PRESIDEN NOMOR 55 TAHUN 2024 | AN2: KET | AO2: JUMLAH KASUS YANG DITANGANI TAHUN 2024 | AP2: JENIS KEKERASAN YANG PALING BANYAK DITANGANI | AQ2: Tahun Pembentukan Berdasarkan Perkada | BA2: Tantangan yang Dihadapi dalam Pemberian Layanan | BB2: Usulan Mekanisme Pelayanan Perempuan dan Anak Korban Kekerasan yang Efektif | BC2: Jumlah Layanan Yang Sudah Diberikan | BD2: Klasifikasi Tantangan Yang Dihadapi | BI2: Jumlah UPTD PPA Kab/Kota | BJ2: Kepemilikian | BL2: Kelengkapan
S3: Survei Kepuasan Masyarakat (SKM) | T3: Maklumat Pelayanan | U3: Psikolog Klinis | V3: Pekerja Sosial | W3: Analis Hukum | X3: Mediator Tersertifikasi | Y3: Konselor Hukum | Z3: Konselor Psikologi | AA3: Ketersediaan JF Lain yang sesuai dengan Keputusan MenpanRB Nomor 998/2021 | AB3: Jabfung Lain | AC3: (1) menerima laporan atau penjangkauan korban | AD3: (2) memberikan informasi tentang hak korban | AE3: (3) memfasilitasi pemberian layanan kesehatan | AF3: (4) memfasilitasi pemberian layanan penguatan psikologis | AG3: (5) memfasilitasi pemberian layanan psikososial, rehabilitasi sosial, pemberdayaan sosial, dan reintegrasi sosial | AH3: (6) menyediakan layanan hukum | AI3: (7) mengidentifikasi kebutuhan pemberdayaan ekonomi | AJ3: (8) mengidentifikasi kebutuhan penampungan sementara untuk korban dan keluarga korban yang perlu dipenuhi segera | AK3: (9) memfasilitasi kebutuhan korban penyandang disabilitas | AL3: (10) mengoordinasikan dan bekerja sama atas pemenuhan hak korban dengan lembaga lainnya | AM3: (11) memantau pemenuhan hak korban oleh aparatur penegak hukum selama proses secara peradilan | AQ3: 2016 | AR3: 2017 | AS3: 2018 | AT3: 2019 | AU3: 2020 | AV3: 2021 | AW3: 2022 | AX3: 2023 | AY3: 2024 | AZ3: 2025 | BI3: =countif(BI5:BI515,"Ada") -> 394 | BJ3: Gedung Sendiri | BK3: Rumah Perlindungan | BL3: Regulasi | BM3: SDM
A4: (2) | B4: (3) | C4: (4) | D4: (5) | E4: (6) | F4: (7) | G4: (8) | H4: (9) | I4: (10) | J4: (11) | K4: (12) | L4: (13) | M4: (14) | N4: (15) | O4: (16) | P4: (17) | Q4: (18) | R4: (19) | S4: (20) | T4: (21) | U4: (22) | V4: (23) | W4: (24) | X4: (25) | Y4: (26) | Z4: (27) | AA4: (28) | AB4: (29) | AC4: (30) | AD4: (31) | AE4: (32) | AF4: (33) | AG4: (34) | AH4: (35) | AI4: (36) | AJ4: (37) | AK4: (38) | AL4: (39) | AM4: (40) | AN4: (41) | AO4: (42) | AP4: (43) | AQ4: (44) | AR4: (45) | AS4: (46) | AT4: (47) | AU4: (48) | AV4: (49) | AW4: (50) | AX4: (51) | AY4: (52) | AZ4: (53) | BA4: (54) | BB4: (55) | BC4: (56) | BD4: (57) | BE4: (58) | BF4: (59) | BG4: (60) | BH4: (61) | BI4: (62) | BJ4: (63) | BK4: (64) | BL4: (65) | BM4: (66)
A5: Provinsi Aceh | B5: 1 | C5: Kota Lhokseumawe | D5: Yusmarliana, SKM | E5: Jln. Tgk. Chik Ditiro No. 19 Lancang Garam Kecamatan Banda Sakti Kota Lhokseumawe | F5: 0812 6000 6810 | G5: 0812 6000 6810 | H5: UPTD PPA | I5: Peraturan Walikota Lhokseumawe Nomor 48 Tahun 2021 | J5: 2021 | K5: A | L5: Yusmarliana, SKM/0813 6037 5880 | M5: yusmarliana69@gmail.com | N5: Kepala UPTD PPA, Kasubag TU dan Kelompok Jabatan Fungsional | O5: Bergabung dengan Kantor Dinas | P5: Sewa/Kontrak | Q5: Masih bergabung satu halaman dengan kantor Dinas tetapi ruangan terpisah tersendiri sarana dan pra sarana belum memadai masih seadanya bantuan dari Dinas | R5: Ada | S5: Ada | T5: Ada | U5: Ada | V5: Tidak Ada | W5: Tidak Ada | X5: Ada | Y5: Tidak Ada | Z5: Ada | AA5: Ada | AB5: Ada | AC5: Sudah | AD5: Sudah | AE5: Sudah | AF5: Sudah | AG5: Sudah | AH5: Sudah | AI5: Belum | AJ5: Sudah | AK5: Belum | AL5: Sudah | AM5: Sudah | AN5: Untuk layanan penampungan sementara masih menggunakan sewa penginapan atau hotel tetapi tetap dalam pengawasan tim pendamping dan tempat tetap dirahasiakan | AO5: Kasus KTPA sebanyak 72 Kasus | AP5: KDRT dan Penganiayaan | AV5: v | BA5: Tantangan yang ada saat ini adalah Sarana dan prasarana UPTD PPA yang belum memadai termasuk kenderaan Morlin dan Torlin yang belum tersedia sehingga terkadang dalam pemberian layanan penjangkauan kasus dan atau menjemput serta mengantar korban mendapatkan akses kesehatan dan hukum terkendala karena rata rata korban berasal dari keluarga miskin sehingga sangat dibutuhkan bantuan DAK Fisik untuk dapat memaksimalkan Sarana dan Prasarana UPTD PPA yang telah dibentuk | BB5: Layanan harus terintegrasi dan melibatkan berbagai pihak terkait serta dapat memberikan rasa aman dan nyaman bagi korban KTPA yang didampingi, karena rata rata korban adalah berasal dari masyarakat miskin setidaknya juga harus tersedianya sarana dan prasarana angkutan baik morlin maupun Torlin untuk menjemput dan mengantar korban pada saat menerima layanan yang dibutuhkan sehingga korban benar benar merasa aman | BC5: =COUNTIF(AC5:AM5,"Sudah") -> 9 | BI5: =IFERROR(__xludf.DUMMYFUNCTION("IF(OR(REGEXMATCH(I5,""Peraturan Walikota""),REGEXMATCH(I5,""Peraturan Bupati""),REGEXMATCH(I5,""PERATURAN BUPATI""),REGEXMATCH(I5,""PERATURAN WALIKOTA"")),""Ada"",""Tidak Ada"")"),"Ada") -> Ada | BJ5: =IF(O5 = "Belum Punya", "Tidak Ada", IF(O5 = "", "Tidak Menjawab", "Ada")) -> Ada | BK5: =IF(P5 = "Tidak Punya", "Tidak Ada", IF(P5 = "", "Tidak Menjawab", "Ada")) -> Ada | BL5: =IF(AND(R5="Ada",S5="Ada",T5="Ada"),"Lengkap","Tidak Lengkap") -> Lengkap | BM5: =IF(AND(U5="Ada",V5="Ada",W5="Ada",X5="Ada",Y5="Ada",AB5="Ada"),"Lengkap","Tidak Lengkap") -> Tidak Lengkap
A6: Provinsi Aceh | B6: 2 | C6: Kota Banda Aceh | D6: Nurmiati, S.P., M.K.M. | E6: Jl. Prof Ali Hasmy Gampong Panago Raya Kecamatan Ulee Kareng Kota Banda Aceh | F6: - | G6: 081224164416 | H6: UPTD PPA | I6: Peraturan Walikota Banda Aceh Nomor 81 Tahun 2021 Tentang Standar Kompetensi Jabatan Pimpinan Tinggi Pratama, Administrator, Pengawas dan Pelaksana pada Sekretariat Dewan Perwakilan Rakyat Kota Banda Aceh | J6: 2021 | K6: A | L6: 081360220629 | M6: uptdppakotabandaaceh@gmail.com | N6: 1. Kepala UPTD 2. Kasubag TU 3. Pengadministrasian Umum 4. Penjaga Asrama 5. Konselor Psikologi 6. Tenaga Kesejahteraan Sosial | O6: MANDIRI | P6: TIDAK PUNYA | R6: Tidak Ada | S6: Ada | T6: Tidak Ada | U6: Tidak Ada | V6: Tidak Ada | W6: Tidak Ada | X6: Ada | Y6: Tidak Ada | Z6: Ada | AA6: Tidak ada | AB6: Tidak Ada | AC6: Sudah | AD6: Sudah | AE6: Belum | AF6: Sudah | AG6: Sudah | AH6: Sudah | AI6: Belum | AJ6: Sudah | AK6: Belum | AL6: Sudah | AM6: Sudah | AN6: pengaduan dari masyarakat, penjangkuan korban, pengelolaan Kasus, Jika korban memerlukan pengamanan maka akan diberikan penampungan sementara di rumah aman | AO6: 108 (2024) | AP6: KDRT | AV6: v | BA6: Ego sektoral, belum terkoordinirnya seluruh lembaga penyedia layanan perlindungan perempuan dan anak, Kurangnya pemahaman masyarakat terhadap layanan yang disediakan, kurangnya kompetensi petugas pemberi layanan, belum ada regulasi daerah yang mengatur tentang perlindungan perempuan dan anak, kurangnya perlindungan terhadap petugas pemberi layanan, sarana tidak memadai, kurangnya anggaran | BB6: Agar pelayanan efektif dibutuhkan sekretariat bersama untuk penanganan masus | BC6: =COUNTIF(AC6:AM6,"Sudah") -> 8 | BD6: Koordinasi/Jejaring | BE6: Stigma/Kesadaran Masyarakat akan Kekerasan | BF6: Ketersediaan Sumber Daya Manusia (SDM) | BG6: Regulasi dan Kebijakan | BH6: Ketersediaan Anggaran | BI6: =IFERROR(__xludf.DUMMYFUNCTION("IF(OR(REGEXMATCH(I6,""Peraturan Walikota""),REGEXMATCH(I6,""Peraturan Bupati""),REGEXMATCH(I6,""PERATURAN BUPATI""),REGEXMATCH(I6,""PERATURAN WALIKOTA"")),""Ada"",""Tidak Ada"")"),"Ada") -> Ada | BJ6: =IF(O6 = "Belum Punya", "Tidak Ada", IF(O6 = "", "Tidak Menjawab", "Ada")) -> Ada | BK6: =IF(P6 = "Tidak Punya", "Tidak Ada", IF(P6 = "", "Tidak Menjawab", "Ada")) -> Tidak Ada | BL6: =IF(AND(R6="Ada",S6="Ada",T6="Ada"),"Lengkap","Tidak Lengkap") -> Tidak Lengkap | BM6: =IF(AND(U6="Ada",V6="Ada",W6="Ada",X6="Ada",Y6="Ada",AB6="Ada"),"Lengkap","Tidak Lengkap") -> Tidak Lengkap
A7: Provinsi Aceh | B7: 3 | C7: Kota Sabang | D7: KEUMALA DEWI, M.HUM | E7: Jl. Sabang Balohan Gampong Cot BaU Kota Sabang | F7: 85219792650 | G7: 85219792650 | H7: UPTD PPA | I7: Peraturan Walikota Sabang Nomor 43 Tahun 2023 Tentang Kedudukan Susunan 0rgansas Tugas dan Fungsi Serta Tatakerja UPTD PPa pada Dinsos PMg dan PP Kota Sabang | J7: 2023 | K7: A | L7: Susanti, SE /082269728804 | M7: santinurita9@gmail.com | N7: kepala UPTD, Kasubbag sub tata Usaha | O7: Mandiri | P7: Tidak Punya | Q7: - | R7: Ada | S7: Tidak Ada | T7: Ada | U7: Tidak Ada | V7: Ada | W7: Tidak Ada | X7: Tidak Ada | Y7: Ada | Z7: Ada | AA7: Tidak Ada | AB7: Tidak Ada | AC7: Sudah | AD7: Sudah | AE7: Sudah | AF7: Sudah | AG7: Sudah | AH7: Sudah | AI7: Belum | AJ7: Sudah | AK7: Sudah | AL7: Sudah | AM7: Sudah | AN7: - | AO7: 23 kasus | AP7: pelecehan seksual anak | AX7: v | BA7: belum terpenuhinya semua kebutuhan SDM layanan dan belum ada Perlindungan terhadap tenaga layanan dari ancaman kekerasan terkait penanganan kasus | BB7: Pengaduan korban/masyarakat/rujukan, pengjakauan, asesmen, layanan yang diberikan,terminasi | BC7: =COUNTIF(AC7:AM7,"Sudah") -> 10 | BI7: =IFERROR(__xludf.DUMMYFUNCTION("IF(OR(REGEXMATCH(I7,""Peraturan Walikota""),REGEXMATCH(I7,""Peraturan Bupati""),REGEXMATCH(I7,""PERATURAN BUPATI""),REGEXMATCH(I7,""PERATURAN WALIKOTA"")),""Ada"",""Tidak Ada"")"),"Ada") -> Ada | BJ7: =IF(O7 = "Belum Punya", "Tidak Ada", IF(O7 = "", "Tidak Menjawab", "Ada")) -> Ada | BK7: =IF(P7 = "Tidak Punya", "Tidak Ada", IF(P7 = "", "Tidak Menjawab", "Ada")) -> Tidak Ada | BL7: =IF(AND(R7="Ada",S7="Ada",T7="Ada"),"Lengkap","Tidak Lengkap") -> Tidak Lengkap | BM7: =IF(AND(U7="Ada",V7="Ada",W7="Ada",X7="Ada",Y7="Ada",AB7="Ada"),"Lengkap","Tidak Lengkap") -> Tidak Lengkap
A8: Provinsi Aceh | B8: 4 | C8: Aceh Tengah | D8: Nurhayati Fitri, SKM | E8: Jl. Lukup Badak - Sp. Kelaping Kecamatan Pegasing | F8: 85322422312 | G8: 85322422312 | H8: UPTD PPA | I8: Peraturan Bupati No.22 Tahun 2022 tentang Pembentukan Unit Pelaksana Teknis Daerah Perlindungan Perempuan dan Anak pada Dinas Keluarga Berencana , Pemberdayaan Perempuan dan Perlindungan Anak Kabupaten Aceh Tengah | J8: 2022 | K8: A | L8: Nurhayati Fitri, SKM/ 085322422312 | M8: nurhayatifitri791@gmail.com | N8: Kepala UPTD, Kasubag TU dan Kelompok Jabatan Fungsional | O8: Mandiri | P8: Sewa Mess/ Kamar Tempat peristirahatan Korban | Q8: Pemeliharaan Gedung, Penambahan Ruang Bermain Anak dan pengadaan Mobil Untuk Oprasional UPTD PPA dalam malakukan penjangkauan | R8: Ada | S8: Ada | T8: Ada | U8: Ada | V8: Tidak Ada | W8: Ada | X8: Ada | Y8: Ada | Z8: Ada | AA8: Ada | AB8: Ada | AC8: Sudah | AD8: Sudah | AE8: Sudah | AF8: Sudah | AG8: Sudah | AH8: Sudah | AI8: Sudah | AJ8: Sudah | AK8: Belum | AL8: Sudah | AM8: Sudah | AO8: 102 | AP8: Anak | AW8: v | BA8: Kesulitan saat melakukan penjangkauan karena tidak memeiliki alat transportasi sesuai kebutuhan layanan | BB8: Ada Juknis pembuatan SOP yang Lebih sederhana | BC8: =COUNTIF(AC8:AM8,"Sudah") -> 10 | BI8: =IFERROR(__xludf.DUMMYFUNCTION("IF(OR(REGEXMATCH(I8,""Peraturan Walikota""),REGEXMATCH(I8,""Peraturan Bupati""),REGEXMATCH(I8,""PERATURAN BUPATI""),REGEXMATCH(I8,""PERATURAN WALIKOTA"")),""Ada"",""Tidak Ada"")"),"Ada") -> Ada | BJ8: =IF(O8 = "Belum Punya", "Tidak Ada", IF(O8 = "", "Tidak Menjawab", "Ada")) -> Ada | BK8: =IF(P8 = "Tidak Punya", "Tidak Ada", IF(P8 = "", "Tidak Menjawab", "Ada")) -> Ada | BL8: =IF(AND(R8="Ada",S8="Ada",T8="Ada"),"Lengkap","Tidak Lengkap") -> Lengkap | BM8: =IF(AND(U8="Ada",V8="Ada",W8="Ada",X8="Ada",Y8="Ada",AB8="Ada"),"Lengkap","Tidak Lengkap") -> Tidak Lengkap
A9: Provinsi Aceh | B9: 5 | C9: Kota Langsa | D9: Putri Nahrisah SKM M.Comm., Health SC., Ph.D | E9: Jln. P. Polem Komplek Perkantoran No. 2 Gampong Jawa | F9: 0641 22714 | G9: 85372197167 | H9: UPTD PPA Kota Langsa | I9: Peraturan Walikota Langsa No. 7 Tahun 2021 tentang Kedudukan, Susunan Organisasi, Tugas Dan Fungsi Serta Tata Kerja Unit Pelaksana Teknis Daerah Perlindungan Perempuan Dan Anak Pada Dinas Pemberdayaan Perempuan, Perlindungan Anak, Pengendalian Pendudukan Dan Keluarga Berencana Kota Langsa | J9: 2021 | K9: A | L9: 82165767705 | M9: uptdppakotalangsa@gmail.com | N9: Kepala UPTD, Kasubag TU dan Kelompok jabatan fungsional | O9: Mandiri | P9: Ada Melalui Kerja Sama | R9: Tidak Ada | S9: Tidak Ada | T9: Tidak Ada | U9: Tidak Ada | V9: Tidak Ada | W9: Tidak Ada | X9: Ada | Y9: Tidak Ada | Z9: Tidak Ada | AA9: Tidak Ada | AB9: Tidak Ada | AC9: Sudah | AD9: Sudah | AE9: Sudah | AF9: Sudah | AG9: Sudah | AH9: Sudah | AI9: Belum | AJ9: Sudah | AK9: Sudah | AL9: Sudah | AM9: Sudah | AO9: 74 KASUS | AP9: KEKERASAN SEKSUAL | AV9: v | BA9: Kurangnya sumber daya tenaga profesional dan kurangnya fasilitas kendaraan roda dua untuk melakukan layanan penjangkauan korban kekerasan bagi anak dan perempuan | BB9: Pelatihan berkala untuk petugas layanan agar sensitif terhadap isu gender dan hak anak serta peningkatan keterampilan dalam menangani kasus kekerasan bagi anak dan perempuan | BC9: =COUNTIF(AC9:AM9,"Sudah") -> 10 | BI9: =IFERROR(__xludf.DUMMYFUNCTION("IF(OR(REGEXMATCH(I9,""Peraturan Walikota""),REGEXMATCH(I9,""Peraturan Bupati""),REGEXMATCH(I9,""PERATURAN BUPATI""),REGEXMATCH(I9,""PERATURAN WALIKOTA"")),""Ada"",""Tidak Ada"")"),"Ada") -> Ada | BJ9: =IF(O9 = "Belum Punya", "Tidak Ada", IF(O9 = "", "Tidak Menjawab", "Ada")) -> Ada | BK9: =IF(P9 = "Tidak Punya", "Tidak Ada", IF(P9 = "", "Tidak Menjawab", "Ada")) -> Ada | BL9: =IF(AND(R9="Ada",S9="Ada",T9="Ada"),"Lengkap","Tidak Lengkap") -> Tidak Lengkap | BM9: =IF(AND(U9="Ada",V9="Ada",W9="Ada",X9="Ada",Y9="Ada",AB9="Ada"),"Lengkap","Tidak Lengkap") -> Tidak Lengkap
A10: Provinsi Aceh | B10: 6 | C10: Bireuen | D10: Marhami,J.SKM | E10: Gampong paya lipah kecamatan peusangan bireuen | F10: 81265030780 | G10: 81265030780 | H10: UPTD PPA | I10: Peraturan Bupati Nomor 36 Tahun 2021 tentang kedudukan, susunan organisasi, tugas dan fungsi serta tata kerja unit pelaksana teknis daerah perlindungan perempuan dan anak pada dinas pemberdayaan masyarakat dan Gampong, perempuan dan keluarga berencana Kabupaten Bireuen | J10: 2021 | K10: B | L10: UPTD PPA | M10: UPTDPPAbireuen@gmail.com | N10: Kepala Uptd, Jabatan Kasubag Tu, Jabatan struktural | O10: Mandiri | P10: Aset Pemda Dikelola Dinas PPPA | Q10: Tahun ini lagi proses rehap Gedung UPTD PPA dan Rumah Perlindungan Sementaran | R10: Ada | S10: Ada | T10: Ada | U10: Tidak Ada | V10: Tidak Ada | W10: Tidak Ada | X10: Tidak Ada | Y10: Tidak Ada | Z10: Tidak Ada | AA10: Tidak Ada | AB10: Tidak Ada | AC10: Sudah | AD10: Sudah | AE10: Sudah | AF10: Sudah | AG10: Sudah | AH10: Sudah | AI10: Belum | AJ10: Sudah | AK10: Sudah | AL10: Sudah | AM10: Sudah | AN10: Tidak | AO10: Perempuan 40 kasua, Anak 51 kasus | AP10: Pelecehan seksual terhadap anak, KDRT, Kekerasan terhadap anak | AV10: v | BA10: hambatan yang kami hadapi dilapangan dalam memberi layanan tentang kesenjangan pendidikan, ekonomi dan budaya | BB10: Ada | BC10: =COUNTIF(AC10:AM10,"Sudah") -> 10 | BI10: =IFERROR(__xludf.DUMMYFUNCTION("IF(OR(REGEXMATCH(I10,""Peraturan Walikota""),REGEXMATCH(I10,""Peraturan Bupati""),REGEXMATCH(I10,""PERATURAN BUPATI""),REGEXMATCH(I10,""PERATURAN WALIKOTA"")),""Ada"",""Tidak Ada"")"),"Ada") -> Ada | BJ10: =IF(O10 = "Belum Punya", "Tidak Ada", IF(O10 = "", "Tidak Menjawab", "Ada")) -> Ada | BK10: =IF(P10 = "Tidak Punya", "Tidak Ada", IF(P10 = "", "Tidak Menjawab", "Ada")) -> Ada | BL10: =IF(AND(R10="Ada",S10="Ada",T10="Ada"),"Lengkap","Tidak Lengkap") -> Lengkap | BM10: =IF(AND(U10="Ada",V10="Ada",W10="Ada",X10="Ada",Y10="Ada",AB10="Ada"),"Lengkap","Tidak Lengkap") -> Tidak Lengkap
A11: Provinsi Aceh | B11: 7 | C11: Aceh Utara | D11: Nurmiati, SE,M,AP | E11: Desa Uteun Geulinggang Kecamatan Dewantara Kabupaten Aceh Utara | F11: 85270910051 | G11: 85270910051 | H11: UPTD PPA | I11: Peraturan Bupati Nomor 27 Tahun 2023 Tentang Kedudukan, Susunan Organisasi, Tugas, Fungsi dan Tata Kerja Unit Pelaksana Teknis Daerah Perlindungan Perempuan dan Anak pada dinas Sosial, Pemberdayaan Perempuan dan Perlindungan Anak Kabupaten Aceh Utara | J11: 2023 | K11: A | L11: Nurmiati/+62 852-6294-1676 | M11: eli_marzuki@yahoo.co.id | N11: Kepala Plh UPTD : Nurmiati,SE,M,Ap pengurus UPTD yang lain belum di lantik | O11: Mandiri | P11: Ada Melalui Kerja Sama | Q11: kantor UPTD PPA milik sendiri | R11: Ada | S11: Ada | T11: Ada | U11: Tidak Ada | V11: Ada | W11: Ada | X11: Tidak Ada | Y11: Ada | Z11: Ada | AA11: Tidak Ada | AB11: Tidak Ada | AC11: Sudah | AD11: Sudah | AE11: Sudah | AF11: Sudah | AG11: Sudah | AH11: Sudah | AI11: Sudah | AJ11: Sudah | AK11: Sudah | AL11: Sudah | AM11: Sudah | AN11: adanya MOU lintas Sektor | AO11: 161 | AP11: KDRT | AX11: v | BA11: a. minim sarana dan prasarana( rumah aman, psikolog klinis, psikolog forensik, pengacara) b.masih kurang kooperatif korban dan keluarga korban c. faktor adat dan budaya d. faktor ekonomi | BB11: adanya mekanisme penanganan kasus KtP dan KtA antara lintas sektor | BC11: =COUNTIF(AC11:AM11,"Sudah") -> 11 | BD11: Ketersediaan Sarana dan Prasarana | BE11: Ketersediaan Sumber Daya Manusia (SDM) | BF11: Penjangkauan Kasus | BG11: Ketersediaan Sumber Daya Manusia (SDM) | BH11: Koordinasi/Jejaring | BI11: =IFERROR(__xludf.DUMMYFUNCTION("IF(OR(REGEXMATCH(I11,""Peraturan Walikota""),REGEXMATCH(I11,""Peraturan Bupati""),REGEXMATCH(I11,""PERATURAN BUPATI""),REGEXMATCH(I11,""PERATURAN WALIKOTA"")),""Ada"",""Tidak Ada"")"),"Ada") -> Ada | BJ11: =IF(O11 = "Belum Punya", "Tidak Ada", IF(O11 = "", "Tidak Menjawab", "Ada")) -> Ada | BK11: =IF(P11 = "Tidak Punya", "Tidak Ada", IF(P11 = "", "Tidak Menjawab", "Ada")) -> Ada | BL11: =IF(AND(R11="Ada",S11="Ada",T11="Ada"),"Lengkap","Tidak Lengkap") -> Lengkap | BM11: =IF(AND(U11="Ada",V11="Ada",W11="Ada",X11="Ada",Y11="Ada",AB11="Ada"),"Lengkap","Tidak Lengkap") -> Tidak Lengkap
A12: Provinsi Aceh | B12: 8 | C12: Aceh Barat | D12: Cut Sari Lizuarni, SKM.,M.Kes | E12: Jalan Gajah Mada Komplek Perkantoran Bupati,di Kantor DP3AKB kabupaten Aceh Barat | F12: 81360549773 | G12: 85383092755 | H12: UPTD PPA | I12: Peraturan Bupati Aceh Barat No 80 Tahun 2022 | J12: 2022 | K12: A | L12: 81360549773 | M12: cutsarilizuarni83@gmail.com | N12: Plt.kepala Uptd PPA | O12: Belum Punya | P12: Sewa/Kontrak | Q12: Belum ada | R12: Ada | S12: Tidak Ada | T12: Ada | U12: Ada | V12: Ada | W12: Tidak Ada | X12: Tidak Ada | Y12: Tidak Ada | Z12: Tidak Ada | AA12: Tidak Ada | AB12: Tidak Ada | AC12: Sudah | AD12: Sudah | AE12: Sudah | AF12: Sudah | AG12: Belum | AH12: Belum | AI12: Sudah | AJ12: Sudah | AK12: Sudah | AL12: Sudah | AM12: Sudah | AN12: Kegiatan dalam pelaksanaan UPTD PPA sudah berjalan semampunya | AO12: Mulai UPTD PPA di 1 Mei 2025 | AP12: Pelecehan seksual | AW12: v | BA12: Belum maksimal karena masih Plt & UPTD PPA nya belum di definitifkan jadi belum ada tugas pokok dan fungsi tenaga lainnya. | BB12: Langsung laporkan ke unit PPA Polres dan langsung dapat kita bekerjasama dengan baik dan cepat,karena langsung kita bersinergi dengan berbagai pihak terkait dalam perlindungan Anak korban kekerasan. | BC12: =COUNTIF(AC12:AM12,"Sudah") -> 9 | BI12: =IFERROR(__xludf.DUMMYFUNCTION("IF(OR(REGEXMATCH(I12,""Peraturan Walikota""),REGEXMATCH(I12,""Peraturan Bupati""),REGEXMATCH(I12,""PERATURAN BUPATI""),REGEXMATCH(I12,""PERATURAN WALIKOTA"")),""Ada"",""Tidak Ada"")"),"Ada") -> Ada | BJ12: =IF(O12 = "Belum Punya", "Tidak Ada", IF(O12 = "", "Tidak Menjawab", "Ada")) -> Tidak Ada | BK12: =IF(P12 = "Tidak Punya", "Tidak Ada", IF(P12 = "", "Tidak Menjawab", "Ada")) -> Ada | BL12: =IF(AND(R12="Ada",S12="Ada",T12="Ada"),"Lengkap","Tidak Lengkap") -> Tidak Lengkap | BM12: =IF(AND(U12="Ada",V12="Ada",W12="Ada",X12="Ada",Y12="Ada",AB12="Ada"),"Lengkap","Tidak Lengkap") -> Tidak Lengkap
A13: Provinsi Aceh | B13: 9 | C13: Gayo Lues | I13: Peraturan Bupati Gayo Lues Nomor 11 Tahun 2023 | J13: 2023 | K13: A | BC13: =COUNTIF(AC13:AM13,"Sudah") -> 0 | BI13: =IFERROR(__xludf.DUMMYFUNCTION("IF(OR(REGEXMATCH(I13,""Peraturan Walikota""),REGEXMATCH(I13,""Peraturan Bupati""),REGEXMATCH(I13,""PERATURAN BUPATI""),REGEXMATCH(I13,""PERATURAN WALIKOTA"")),""Ada"",""Tidak Ada"")"),"Ada") -> Ada | BL13: =IF(AND(R13="Ada",S13="Ada",T13="Ada"),"Lengkap","Tidak Lengkap") -> Tidak Lengkap | BM13: =IF(AND(U13="Ada",V13="Ada",W13="Ada",X13="Ada",Y13="Ada",AB13="Ada"),"Lengkap","Tidak Lengkap") -> Tidak Lengkap
A14: Provinsi Aceh | B14: 10 | C14: Nagan Raya | D14: -- | E14: DPMGP4 KABUPATEN NAGAN RAYA | F14: 82215444568 | G14: - | H14: UPTD PPA | I14: Peraturan Bupati NAGAN RAYA Nomor 38 Tahun 2023 tentang Kedudukan, Susunan Organisasi, Tugas Fungsi dan Tata Kerja Unit Pelaksanan Teknis Daerah Perlindungan Perempuan Dan Anak Pada Dinas Pemberdayaan Masyarakat, Gampong Pengendalian Penduduk dan Pemberdayaan Perempuan Kabupaten Nagan Raya TAHUN 2023 | J14: 2023 | K14: A | L14: 0822 1544 4568 | M14: ayshakd91@gmail-com | N14: KEPALA UPTD | O14: Belum Punya | P14: Sewa/Kontrak | Q14: - | R14: Tidak Ada | S14: Tidak Ada | T14: Tidak Ada | U14: Tidak Ada | V14: Tidak Ada | W14: Tidak Ada | X14: Tidak Ada | Y14: Tidak Ada | Z14: Tidak Ada | AA14: Tidak Ada | AB14: Tidak Ada | AC14: Sudah | AD14: Sudah | AE14: Sudah | AF14: Sudah | AG14: Sudah | AH14: Sudah | AI14: Belum | AJ14: Sudah | AK14: Sudah | AL14: Sudah | AM14: Sudah | AO14: 34 | AP14: Kekerasan Seksual | AX14: v | BA14: Belum ada penetapan SDM yang mengisi UPTD | BB14: Tersediannya link atau contac center yang bisa menghubungkan pendamping korban di daerah ke pusat dan provinsi yang online selama 24 jam | BC14: =COUNTIF(AC14:AM14,"Sudah") -> 10 | BI14: =IFERROR(__xludf.DUMMYFUNCTION("IF(OR(REGEXMATCH(I14,""Peraturan Walikota""),REGEXMATCH(I14,""Peraturan Bupati""),REGEXMATCH(I14,""PERATURAN BUPATI""),REGEXMATCH(I14,""PERATURAN WALIKOTA"")),""Ada"",""Tidak Ada"")"),"Ada") -> Ada | BJ14: =IF(O14 = "Belum Punya", "Tidak Ada", IF(O14 = "", "Tidak Menjawab", "Ada")) -> Tidak Ada | BK14: =IF(P14 = "Tidak Punya", "Tidak Ada", IF(P14 = "", "Tidak Menjawab", "Ada")) -> Ada | BL14: =IF(AND(R14="Ada",S14="Ada",T14="Ada"),"Lengkap","Tidak Lengkap") -> Tidak Lengkap | BM14: =IF(AND(U14="Ada",V14="Ada",W14="Ada",X14="Ada",Y14="Ada",AB14="Ada"),"Lengkap","Tidak Lengkap") -> Tidak Lengkap
A15: Provinsi Aceh | B15: 11 | C15: Bener Meriah | I15: Peraturan Bupati Bener Meriah Nomor 8 Tahun 2022 | J15: 2022 | K15: Perkada tidak dapat diakses | BC15: =COUNTIF(AC15:AM15,"Sudah") -> 0 | BI15: =IFERROR(__xludf.DUMMYFUNCTION("IF(OR(REGEXMATCH(I15,""Peraturan Walikota""),REGEXMATCH(I15,""Peraturan Bupati""),REGEXMATCH(I15,""PERATURAN BUPATI""),REGEXMATCH(I15,""PERATURAN WALIKOTA"")),""Ada"",""Tidak Ada"")"),"Ada") -> Ada | BL15: =IF(AND(R15="Ada",S15="Ada",T15="Ada"),"Lengkap","Tidak Lengkap") -> Tidak Lengkap | BM15: =IF(AND(U15="Ada",V15="Ada",W15="Ada",X15="Ada",Y15="Ada",AB15="Ada"),"Lengkap","Tidak Lengkap") -> Tidak Lengkap
A16: Provinsi Aceh | B16: 12 | C16: Aceh Barat Daya | BI16: =IFERROR(__xludf.DUMMYFUNCTION("IF(OR(REGEXMATCH(I16,""Peraturan Walikota""),REGEXMATCH(I16,""Peraturan Bupati""),REGEXMATCH(I16,""PERATURAN BUPATI""),REGEXMATCH(I16,""PERATURAN WALIKOTA"")),""Ada"",""Tidak Ada"")"),"Tidak Ada") -> Tidak Ada | BL16: =IF(AND(R16="Ada",S16="Ada",T16="Ada"),"Lengkap","Tidak Lengkap") -> Tidak Lengkap | BM16: =IF(AND(U16="Ada",V16="Ada",W16="Ada",X16="Ada",Y16="Ada",AB16="Ada"),"Lengkap","Tidak Lengkap") -> Tidak Lengkap
A17: Provinsi Aceh | B17: 13 | C17: Aceh Besar | BI17: =IFERROR(__xludf.DUMMYFUNCTION("IF(OR(REGEXMATCH(I17,""Peraturan Walikota""),REGEXMATCH(I17,""Peraturan Bupati""),REGEXMATCH(I17,""PERATURAN BUPATI""),REGEXMATCH(I17,""PERATURAN WALIKOTA"")),""Ada"",""Tidak Ada"")"),"Tidak Ada") -> Tidak Ada | BL17: =IF(AND(R17="Ada",S17="Ada",T17="Ada"),"Lengkap","Tidak Lengkap") -> Tidak Lengkap | BM17: =IF(AND(U17="Ada",V17="Ada",W17="Ada",X17="Ada",Y17="Ada",AB17="Ada"),"Lengkap","Tidak Lengkap") -> Tidak Lengkap
A18: Provinsi Aceh | B18: 14 | C18: Aceh Jaya | D18: Yustitia, S.Pd | E18: Komplek Perkantoran Pemda Kuala Meurisi, Calang, Kab. Aceh Jaya | F18: =+62812-7262-2219 -> 53331 | G18: =+62812-7262-2219 -> 53331 | H18: UPTD PPA | I18: Peraturan Bupati Nomor 8 Tahun 2025 | K18: A | L18: Muhammad Yanis/081360292020 | M18: muhdyanis@gmail.com | N18: Kepala UPTD, Kasubag TU dan Kelompok Jabatan Fungsional | O18: Bergabung dengan Kantor Dinas | P18: Tidak Punya | Q18: Pernah mendapatkan bantuan bangunan gedung utk P2TP2A dari Pemprov namun Pemkab meminjampakaikan utk peruntukan lain | R18: Ada | S18: Tidak Ada | T18: Tidak Ada | U18: Tidak Ada | V18: Ada | W18: Tidak Ada | X18: Tidak Ada | Y18: Tidak Ada | Z18: Tidak Ada | AA18: Tidak Ada | AB18: Tidak Ada | AC18: Sudah | AD18: Sudah | AE18: Sudah | AF18: Sudah | AG18: Sudah | AH18: Sudah | AI18: Belum | AJ18: Sudah | AK18: Sudah | AL18: Sudah | AM18: Sudah | AO18: 17 | AP18: Kekerasan Seksual | AZ18: v | BA18: 1. Tdk ada dukungan APBK ketika sdh mendapatkan DAK 2. Tdk ada SDM yg memadai (jlh & kualitas) 3. Blm memadai ketersediaan fasilitas/sarpras 4. Petugas rentan berhadapan dgn pelaku kekerasan 5. Pernah mendapat ancaman verbal via telpon dari pelaku kekerasan yg kuat dugaan adalah anggota TNI | BB18: Fungsi PPA di daerah sebaiknya diambil alih oleh Pusat melalui Kementerian PPPA | BC18: =COUNTIF(AC18:AM18,"Sudah") -> 10 | BI18: =IFERROR(__xludf.DUMMYFUNCTION("IF(OR(REGEXMATCH(I18,""Peraturan Walikota""),REGEXMATCH(I18,""Peraturan Bupati""),REGEXMATCH(I18,""PERATURAN BUPATI""),REGEXMATCH(I18,""PERATURAN WALIKOTA"")),""Ada"",""Tidak Ada"")"),"Ada") -> Ada | BJ18: =IF(O18 = "Belum Punya", "Tidak Ada", IF(O18 = "", "Tidak Menjawab", "Ada")) -> Ada | BK18: =IF(P18 = "Tidak Punya", "Tidak Ada", IF(P18 = "", "Tidak Menjawab", "Ada")) -> Tidak Ada | BL18: =IF(AND(R18="Ada",S18="Ada",T18="Ada"),"Lengkap","Tidak Lengkap") -> Tidak Lengkap | BM18: =IF(AND(U18="Ada",V18="Ada",W18="Ada",X18="Ada",Y18="Ada",AB18="Ada"),"Lengkap","Tidak Lengkap") -> Tidak Lengkap
A19: Provinsi Aceh | B19: 15 | C19: Aceh Selatan | I19: Peraturan Bupati Aceh Selatan Nomor 57 Tahun 2023 | J19: 2023 | K19: A | BI19: =IFERROR(__xludf.DUMMYFUNCTION("IF(OR(REGEXMATCH(I19,""Peraturan Walikota""),REGEXMATCH(I19,""Peraturan Bupati""),REGEXMATCH(I19,""PERATURAN BUPATI""),REGEXMATCH(I19,""PERATURAN WALIKOTA"")),""Ada"",""Tidak Ada"")"),"Ada") -> Ada | BL19: =IF(AND(R19="Ada",S19="Ada",T19="Ada"),"Lengkap","Tidak Lengkap") -> Tidak Lengkap | BM19: =IF(AND(U19="Ada",V19="Ada",W19="Ada",X19="Ada",Y19="Ada",AB19="Ada"),"Lengkap","Tidak Lengkap") -> Tidak Lengkap
A20: Provinsi Aceh | B20: 16 | C20: Aceh Singkil | BI20: =IFERROR(__xludf.DUMMYFUNCTION("IF(OR(REGEXMATCH(I20,""Peraturan Walikota""),REGEXMATCH(I20,""Peraturan Bupati""),REGEXMATCH(I20,""PERATURAN BUPATI""),REGEXMATCH(I20,""PERATURAN WALIKOTA"")),""Ada"",""Tidak Ada"")"),"Tidak Ada") -> Tidak Ada | BL20: =IF(AND(R20="Ada",S20="Ada",T20="Ada"),"Lengkap","Tidak Lengkap") -> Tidak Lengkap | BM20: =IF(AND(U20="Ada",V20="Ada",W20="Ada",X20="Ada",Y20="Ada",AB20="Ada"),"Lengkap","Tidak Lengkap") -> Tidak Lengkap
A21: Provinsi Aceh | B21: 17 | C21: Aceh Tamiang | BI21: =IFERROR(__xludf.DUMMYFUNCTION("IF(OR(REGEXMATCH(I21,""Peraturan Walikota""),REGEXMATCH(I21,""Peraturan Bupati""),REGEXMATCH(I21,""PERATURAN BUPATI""),REGEXMATCH(I21,""PERATURAN WALIKOTA"")),""Ada"",""Tidak Ada"")"),"Tidak Ada") -> Tidak Ada | BL21: =IF(AND(R21="Ada",S21="Ada",T21="Ada"),"Lengkap","Tidak Lengkap") -> Tidak Lengkap | BM21: =IF(AND(U21="Ada",V21="Ada",W21="Ada",X21="Ada",Y21="Ada",AB21="Ada"),"Lengkap","Tidak Lengkap") -> Tidak Lengkap
A22: Provinsi Aceh | B22: 18 | C22: Aceh Tenggara | BI22: =IFERROR(__xludf.DUMMYFUNCTION("IF(OR(REGEXMATCH(I22,""Peraturan Walikota""),REGEXMATCH(I22,""Peraturan Bupati""),REGEXMATCH(I22,""PERATURAN BUPATI""),REGEXMATCH(I22,""PERATURAN WALIKOTA"")),""Ada"",""Tidak Ada"")"),"Tidak Ada") -> Tidak Ada | BL22: =IF(AND(R22="Ada",S22="Ada",T22="Ada"),"Lengkap","Tidak Lengkap") -> Tidak Lengkap | BM22: =IF(AND(U22="Ada",V22="Ada",W22="Ada",X22="Ada",Y22="Ada",AB22="Ada"),"Lengkap","Tidak Lengkap") -> Tidak Lengkap
A23: Provinsi Aceh | B23: 19 | C23: Aceh Timur | BI23: =IFERROR(__xludf.DUMMYFUNCTION("IF(OR(REGEXMATCH(I23,""Peraturan Walikota""),REGEXMATCH(I23,""Peraturan Bupati""),REGEXMATCH(I23,""PERATURAN BUPATI""),REGEXMATCH(I23,""PERATURAN WALIKOTA"")),""Ada"",""Tidak Ada"")"),"Tidak Ada") -> Tidak Ada | BL23: =IF(AND(R23="Ada",S23="Ada",T23="Ada"),"Lengkap","Tidak Lengkap") -> Tidak Lengkap | BM23: =IF(AND(U23="Ada",V23="Ada",W23="Ada",X23="Ada",Y23="Ada",AB23="Ada"),"Lengkap","Tidak Lengkap") -> Tidak Lengkap
A24: Provinsi Aceh | B24: 20 | C24: Aceh Pidie | BI24: =IFERROR(__xludf.DUMMYFUNCTION("IF(OR(REGEXMATCH(I24,""Peraturan Walikota""),REGEXMATCH(I24,""Peraturan Bupati""),REGEXMATCH(I24,""PERATURAN BUPATI""),REGEXMATCH(I24,""PERATURAN WALIKOTA"")),""Ada"",""Tidak Ada"")"),"Tidak Ada") -> Tidak Ada | BL24: =IF(AND(R24="Ada",S24="Ada",T24="Ada"),"Lengkap","Tidak Lengkap") -> Tidak Lengkap | BM24: =IF(AND(U24="Ada",V24="Ada",W24="Ada",X24="Ada",Y24="Ada",AB24="Ada"),"Lengkap","Tidak Lengkap") -> Tidak Lengkap
A25: Provinsi Aceh | B25: 21 | C25: Pidie Jaya | BI25: =IFERROR(__xludf.DUMMYFUNCTION("IF(OR(REGEXMATCH(I25,""Peraturan Walikota""),REGEXMATCH(I25,""Peraturan Bupati""),REGEXMATCH(I25,""PERATURAN BUPATI""),REGEXMATCH(I25,""PERATURAN WALIKOTA"")),""Ada"",""Tidak Ada"")"),"Tidak Ada") -> Tidak Ada | BL25: =IF(AND(R25="Ada",S25="Ada",T25="Ada"),"Lengkap","Tidak Lengkap") -> Tidak Lengkap | BM25: =IF(AND(U25="Ada",V25="Ada",W25="Ada",X25="Ada",Y25="Ada",AB25="Ada"),"Lengkap","Tidak Lengkap") -> Tidak Lengkap
A26: Provinsi Aceh | B26: 22 | C26: Simeulue | BI26: =IFERROR(__xludf.DUMMYFUNCTION("IF(OR(REGEXMATCH(I26,""Peraturan Walikota""),REGEXMATCH(I26,""Peraturan Bupati""),REGEXMATCH(I26,""PERATURAN BUPATI""),REGEXMATCH(I26,""PERATURAN WALIKOTA"")),""Ada"",""Tidak Ada"")"),"Tidak Ada") -> Tidak Ada | BL26: =IF(AND(R26="Ada",S26="Ada",T26="Ada"),"Lengkap","Tidak Lengkap") -> Tidak Lengkap | BM26: =IF(AND(U26="Ada",V26="Ada",W26="Ada",X26="Ada",Y26="Ada",AB26="Ada"),"Lengkap","Tidak Lengkap") -> Tidak Lengkap
A27: Provinsi Aceh | B27: 23 | C27: Kota Subulussalam | BI27: =IFERROR(__xludf.DUMMYFUNCTION("IF(OR(REGEXMATCH(I27,""Peraturan Walikota""),REGEXMATCH(I27,""Peraturan Bupati""),REGEXMATCH(I27,""PERATURAN BUPATI""),REGEXMATCH(I27,""PERATURAN WALIKOTA"")),""Ada"",""Tidak Ada"")"),"Tidak Ada") -> Tidak Ada | BL27: =IF(AND(R27="Ada",S27="Ada",T27="Ada"),"Lengkap","Tidak Lengkap") -> Tidak Lengkap | BM27: =IF(AND(U27="Ada",V27="Ada",W27="Ada",X27="Ada",Y27="Ada",AB27="Ada"),"Lengkap","Tidak Lengkap") -> Tidak Lengkap
A28: Provinsi Sumatera Utara | B28: 24 | C28: Labuhan Batu | D28: Kristina Sinaga, S.E. | E28: Jalan H. Idris Hasibuan No. 2, Rantauprapat | F28: 0852272108688 | H28: UPTD PPA | I28: Peraturan Bupati Nomor 18 Tahun 2018 | J28: 2018 | K28: B | L28: 081375594254 | M28: wiwy.pebriani.mzs@gmail.com | N28: 1. Kepala UPTD (ada) 2. Pengelola Pemberdayaan Perempuan (kosong) 3. Pengelola Data dan Informasi (kosong) 4. Pengadministrasi Perkantoran (kosong) 5. Penelaah Teknis Kebijakan (kosong) 6. Jabatan Fungsional Peksos (kosong) | O28: PINJAM GEDUNG SELAIN DPPPA | P28: SEWA/KONTRAK | Q28: Milik Masyarakat Kolom (16) Sewa Rumah | R28: Ada | S28: Tidak Ada | T28: Ada | U28: Tidak Ada | V28: Tidak Ada | W28: Tidak Ada | X28: Ada | Y28: Ada | Z28: Ada | AA28: Tidak Ada | AB28: Tidak Ada | AC28: Sudah | AD28: Sudah | AE28: Sudah | AF28: Sudah | AG28: Belum | AH28: Sudah | AI28: Belum | AJ28: Sudah | AK28: Belum | AL28: Sudah | AM28: Sudah | AN28: pengaduan dari masyarakat, penjangkuan korban, pengelolaan Kasus, pendampingan layanan kesehatan (visum dan layanan kesehatan lainnya),Jika korban memerlukan pengamanan maka akan diberikan penampungan sementara di rumah aman | AO28: 2021 (50 kasus) 2022 (47 kasus) 2023 (55 kasus) 2024 (86 kasus) | AP28: Kekerasan Seksual Terhadap Anak | AS28: v | BC28: =COUNTIF(AC28:AM28,"Sudah") -> 8 | BI28: =IFERROR(__xludf.DUMMYFUNCTION("IF(OR(REGEXMATCH(I28,""Peraturan Walikota""),REGEXMATCH(I28,""Peraturan Bupati""),REGEXMATCH(I28,""PERATURAN BUPATI""),REGEXMATCH(I28,""PERATURAN WALIKOTA"")),""Ada"",""Tidak Ada"")"),"Ada") -> Ada | BJ28: =IF(O28 = "Belum Punya", "Tidak Ada", IF(O28 = "", "Tidak Menjawab", "Ada")) -> Ada | BK28: =IF(P28 = "Tidak Punya", "Tidak Ada", IF(P28 = "", "Tidak Menjawab", "Ada")) -> Ada | BL28: =IF(AND(R28="Ada",S28="Ada",T28="Ada"),"Lengkap","Tidak Lengkap") -> Tidak Lengkap | BM28: =IF(AND(U28="Ada",V28="Ada",W28="Ada",X28="Ada",Y28="Ada",AB28="Ada"),"Lengkap","Tidak Lengkap") -> Tidak Lengkap
A29: Provinsi Sumatera Utara | B29: 25 | C29: Deli Serdang | D29: Alia Zubaidi, SKM.,M.M | E29: Jl. Karya Usaha No.5 Komplek Kantor Bupati | F29: - | G29: 0811-6186-129 | H29: UPT PPA | I29: Peraturan Bupati Nomor 15 Tahun 2023 | J29: 2023 | K29: A | L29: Alia Zubaidi/081376852243 | M29: Aliazubaidi1945 | N29: Kepala UPT, Kasubbag TU dan Analis TU | O29: Mandiri | P29: Tidak Punya | R29: Ada | S29: Ada | T29: Ada | U29: Ada | V29: Tidak Ada | W29: Ada | X29: Ada | Y29: Tidak Ada | Z29: Tidak Ada | AA29: Tidak Ada | AB29: Tidak Ada | AC29: Sudah | AD29: Sudah | AE29: Sudah | AF29: Sudah | AG29: Belum | AH29: Sudah | AI29: Sudah | AJ29: Sudah | AK29: Belum | AL29: Sudah | AM29: Sudah | AO29: 127 | AP29: Kekerasan Seksual | AU29: v | BA29: Tantangan Internal berupa keterbatasan sumber daya baik anggaran maupun fasilitas, dan koordinasi antar unit yang kurang efektif dapat menghambat proses layanan. Tantangan Eksternal berupa keterlibatan masyarakat serta stereotip dan diskriminasi. | BB29: Menyediakan layanan darurat 24 jam bagi korban kekerasan | BC29: =COUNTIF(AC29:AM29,"Sudah") -> 9 | BI29: =IFERROR(__xludf.DUMMYFUNCTION("IF(OR(REGEXMATCH(I29,""Peraturan Walikota""),REGEXMATCH(I29,""Peraturan Bupati""),REGEXMATCH(I29,""PERATURAN BUPATI""),REGEXMATCH(I29,""PERATURAN WALIKOTA"")),""Ada"",""Tidak Ada"")"),"Ada") -> Ada | BJ29: =IF(O29 = "Belum Punya", "Tidak Ada", IF(O29 = "", "Tidak Menjawab", "Ada")) -> Ada | BK29: =IF(P29 = "Tidak Punya", "Tidak Ada", IF(P29 = "", "Tidak Menjawab", "Ada")) -> Tidak Ada | BL29: =IF(AND(R29="Ada",S29="Ada",T29="Ada"),"Lengkap","Tidak Lengkap") -> Lengkap | BM29: =IF(AND(U29="Ada",V29="Ada",W29="Ada",X29="Ada",Y29="Ada",AB29="Ada"),"Lengkap","Tidak Lengkap") -> Tidak Lengkap
A30: Provinsi Sumatera Utara | B30: 26 | C30: Kota Binjai | D30: Atika Meiruliza, S.Psi | E30: Jalan Sudirman 6, Kota Binjai, Sumatera Utara | G30: 082160546361 | H30: UPTD PPA | I30: Peraturan Walikota Nomor 30 Tahun 2020 | J30: 2020 | K30: B | L30: Atika Meiruliza | M30: uptdppabinjai@gmail.com | N30: Kepala UPTD | O30: MANDIRI | P30: TIDAK PUNYA | Q30: Kolom (15): Terpisah, tapi masih satu komplek dengan Dinas-nya | R30: Ada | S30: Tidak Ada | T30: Ada | U30: Ada | V30: Tidak Ada | W30: Tidak Ada | X30: Tidak Ada | Y30: Ada | Z30: Tidak Ada | AA30: Tidak Ada | AB30: Tidak Ada | AC30: Sudah | AD30: Sudah | AE30: Sudah | AF30: Sudah | AG30: Sudah | AH30: Sudah | AI30: Belum | AJ30: Sudah | AK30: Belum | AL30: Sudah | AM30: Sudah | AN30: Kolom (26) dianggarkan dari APBD | AP30: kekerasan seksual | AU30: v | BC30: =COUNTIF(AC30:AM30,"Sudah") -> 9 | BI30: =IFERROR(__xludf.DUMMYFUNCTION("IF(OR(REGEXMATCH(I30,""Peraturan Walikota""),REGEXMATCH(I30,""Peraturan Bupati""),REGEXMATCH(I30,""PERATURAN BUPATI""),REGEXMATCH(I30,""PERATURAN WALIKOTA"")),""Ada"",""Tidak Ada"")"),"Ada") -> Ada | BJ30: =IF(O30 = "Belum Punya", "Tidak Ada", IF(O30 = "", "Tidak Menjawab", "Ada")) -> Ada | BK30: =IF(P30 = "Tidak Punya", "Tidak Ada", IF(P30 = "", "Tidak Menjawab", "Ada")) -> Tidak Ada | BL30: =IF(AND(R30="Ada",S30="Ada",T30="Ada"),"Lengkap","Tidak Lengkap") -> Tidak Lengkap | BM30: =IF(AND(U30="Ada",V30="Ada",W30="Ada",X30="Ada",Y30="Ada",AB30="Ada"),"Lengkap","Tidak Lengkap") -> Tidak Lengkap
A31: Provinsi Sumatera Utara | B31: 27 | C31: Asahan | D31: Syahruddin, SH, MKM | E31: Jalan Turi Nomor 9 Mekar Baru, Kisaran | F31: 083151111129 | G31: 083151111129 | H31: UPTD PPA | I31: Peraturan Bupati Nomor 72 Tahun 2022 | J31: 2022 | K31: A | L31: 083151111129 | M31: uptdppa.asahan@yahoo.com | N31: 1. Kepala UPTD 2. Kasubag TU 3. Kelompok jabatan fungsional | O31: PINJAM GEDUNG SELAIN DPPPA | P31: TIDAK PUNYA | Q31: Pemerintah Daerah | R31: Ada | S31: Tidak Ada | T31: Tidak Ada | U31: Tidak Ada | V31: Tidak Ada | W31: Tidak Ada | X31: Ada | Y31: Tidak Ada | Z31: Tidak ada | AA31: Tidak Ada | AB31: Tidak Ada | AC31: Sudah | AD31: Sudah | AE31: Sudah | AF31: Sudah | AG31: Sudah | AH31: Sudah | AI31: Sudah | AJ31: Belum | AK31: Belum | AL31: Sudah | AM31: Sudah | AN31: pengaduan dari masyarakat, penjangkuan korban, pengelolaan Kasus, Jika korban memerlukan pengamanan maka akan diberikan penampungan sementara di rumah aman | AP31: Kekerasan Terhadap Anak | AW31: v | BC31: =COUNTIF(AC31:AM31,"Sudah") -> 9 | BI31: =IFERROR(__xludf.DUMMYFUNCTION("IF(OR(REGEXMATCH(I31,""Peraturan Walikota""),REGEXMATCH(I31,""Peraturan Bupati""),REGEXMATCH(I31,""PERATURAN BUPATI""),REGEXMATCH(I31,""PERATURAN WALIKOTA"")),""Ada"",""Tidak Ada"")"),"Ada") -> Ada | BJ31: =IF(O31 = "Belum Punya", "Tidak Ada", IF(O31 = "", "Tidak Menjawab", "Ada")) -> Ada | BK31: =IF(P31 = "Tidak Punya", "Tidak Ada", IF(P31 = "", "Tidak Menjawab", "Ada")) -> Tidak Ada | BL31: =IF(AND(R31="Ada",S31="Ada",T31="Ada"),"Lengkap","Tidak Lengkap") -> Tidak Lengkap | BM31: =IF(AND(U31="Ada",V31="Ada",W31="Ada",X31="Ada",Y31="Ada",AB31="Ada"),"Lengkap","Tidak Lengkap") -> Tidak Lengkap
A32: Provinsi Sumatera Utara | B32: 28 | C32: Langkat | D32: Sari Madinah, SKM | E32: Jalan Khairul Anwar, Taman Budaya | F32: 081376982245 | G32: 081376982245 | H32: UPTD PPA | I32: Peraturan Bupati Langkat Nomor 8 Tahun 2023 | J32: 2023 | K32: A | L32: 081376982245 | M32: dinasppkbppalangkat@gmail.com | N32: 1. Kepala UPTD 2. Kasubag TU 3. Kelompok Jabatan Fungsional | O32: MANDIRI | P32: TIDAK PUNYA | Q32: Pemerintah Daerah | R32: Ada | S32: Ada | T32: Ada | U32: Ada | V32: Ada | W32: Ada | X32: Tidak Ada | Y32: Tidak Ada | Z32: Ada | AA32: Ada | AB32: Ada | AC32: Sudah | AD32: Sudah | AE32: Sudah | AF32: Belum | AG32: Belum | AH32: Sudah | AI32: Sudah | AJ32: Sudah | AK32: Sudah | AL32: Sudah | AM32: Sudah | AN32: pengaduan dari masyarakat, penjangkuan korban, pengelolaan Kasus, Jika korban memerlukan pengamanan maka akan diberikan penampungan sementara di rumah aman | AO32: 60 (2024) | AP32: Kekerasan Terhadap Anak | AX32: v | BC32: =COUNTIF(AC32:AM32,"Sudah") -> 9 | BI32: =IFERROR(__xludf.DUMMYFUNCTION("IF(OR(REGEXMATCH(I32,""Peraturan Walikota""),REGEXMATCH(I32,""Peraturan Bupati""),REGEXMATCH(I32,""PERATURAN BUPATI""),REGEXMATCH(I32,""PERATURAN WALIKOTA"")),""Ada"",""Tidak Ada"")"),"Ada") -> Ada | BJ32: =IF(O32 = "Belum Punya", "Tidak Ada", IF(O32 = "", "Tidak Menjawab", "Ada")) -> Ada | BK32: =IF(P32 = "Tidak Punya", "Tidak Ada", IF(P32 = "", "Tidak Menjawab", "Ada")) -> Tidak Ada | BL32: =IF(AND(R32="Ada",S32="Ada",T32="Ada"),"Lengkap","Tidak Lengkap") -> Lengkap | BM32: =IF(AND(U32="Ada",V32="Ada",W32="Ada",X32="Ada",Y32="Ada",AB32="Ada"),"Lengkap","Tidak Lengkap") -> Tidak Lengkap
A33: Provinsi Sumatera Utara | B33: 29 | C33: Kota Tebing Tinggi | D33: Irwan Agus Timur Ginting, SKM | E33: Jl. Ahmad Bilal Kelurahan Rambung, Kecamatan Tebing Tinggi Kota, Kota Tebing Tinggi | F33: - | G33: 082274110544 | H33: UPTD PPA | I33: Peraturan Walikota Tebing Tinggi No. 74 Tahun 2021 | J33: 2021 | K33: A | L33: 082304342788 | M33: irwanat_ginting@yahoo.com | N33: 1. Kepala UPT 2. Kasubag TU 3. Kelompok Jabatan Fungsional | O33: MANDIRI | P33: ASET PEMDA | Q33: milik pemerintah | R33: Ada | S33: Tidak Ada | T33: Ada | U33: Ada | V33: Ada | W33: Tidak Ada | X33: Ada | Y33: Tidak Ada | Z33: Tidak Ada | AA33: Tidak Ada | AB33: Tidak Ada | AC33: Sudah | AD33: Sudah | AE33: Sudah | AF33: Sudah | AG33: Belum | AH33: Sudah | AI33: Belum | AJ33: Sudah | AK33: Belum | AL33: Sudah | AM33: Sudah | AN33: pengaduan dari masyarakat, penjangkuan korban, pengelolaan Kasus, Jika korban memerlukan pengamanan maka akan diberikan penampungan sementara di rumah aman | AO33: 38 (2024) | AP33: Kekerasan Terhadap Anak | AV33: v | BA33: keterbatasan sumber daya, baik dari sisi Infrastruktur, pendanaan dan petugas layanan | BB33: melaksanakan diskusi terkait manajemen kasus dan penanganan kasus antar lintas sektor/OPD/vertikal | BC33: =COUNTIF(AC33:AM33,"Sudah") -> 8 | BD33: Ketersediaan Sarana dan Prasarana | BE33: Ketersediaan Sumber Daya Manusia (SDM) | BF33: Ketersediaan Anggaran | BI33: =IFERROR(__xludf.DUMMYFUNCTION("IF(OR(REGEXMATCH(I33,""Peraturan Walikota""),REGEXMATCH(I33,""Peraturan Bupati""),REGEXMATCH(I33,""PERATURAN BUPATI""),REGEXMATCH(I33,""PERATURAN WALIKOTA"")),""Ada"",""Tidak Ada"")"),"Ada") -> Ada | BJ33: =IF(O33 = "Belum Punya", "Tidak Ada", IF(O33 = "", "Tidak Menjawab", "Ada")) -> Ada | BK33: =IF(P33 = "Tidak Punya", "Tidak Ada", IF(P33 = "", "Tidak Menjawab", "Ada")) -> Ada | BL33: =IF(AND(R33="Ada",S33="Ada",T33="Ada"),"Lengkap","Tidak Lengkap") -> Tidak Lengkap | BM33: =IF(AND(U33="Ada",V33="Ada",W33="Ada",X33="Ada",Y33="Ada",AB33="Ada"),"Lengkap","Tidak Lengkap") -> Tidak Lengkap
A34: Provinsi Sumatera Utara | B34: 30 | C34: Serdang Bedagai | D34: Irwan, SH/ 081361335675 | E34: Jl. Negara No. 300 Perumahan Bumi Sergai Desa Firdaus Kec. Sei Rampah Kode Pos 20995 | F34: - | G34: 082177658607 | H34: UPTD PPA | I34: Peraturan Bupati Serdang Bedagai Nomor 49 Tahun 2020 tentang Organisasi dan Tata Kerja Unit Pelaksana Teknis Dinas di Lingkungan Pemerintah Kabupaten Serdang Bedagai | J34: 2020 | K34: A | L34: Irwan, SH/ 081361335675 | M34: uptdppakabserdangbedagai@gmail.com | N34: 1. Kepala UPTD PPA 2. Kepala Sub Bagian Tata Usaha 3. Kelompok Jabatan Fungsional 4. Pengadministrasian Umum 5. Pengemudi 6. Penjaga keamanan 7. Mediator 8. Penjaga Asrama 9. Konselor (Psikologis/Hukum) | O34: BERGABUNG DENGAN KANTOR DINAS | P34: TIDAK PUNYA | R34: Ada | S34: Ada | T34: Ada | U34: Tidak Ada | V34: Tidak Ada | W34: Ada | X34: Ada | Y34: Ada | Z34: Ada | AA34: Ada | AB34: Ada | AC34: Sudah | AD34: Sudah | AE34: Sudah | AF34: Sudah | AG34: Sudah | AH34: Sudah | AI34: Belum | AJ34: Sudah | AK34: Sudah | AL34: Sudah | AM34: Sudah | AN34: pengaduan dari masyarakat, penjangkuan korban, pengelolaan Kasus, Jika korban memerlukan pengamanan maka akan diberikan penampungan sementara di rumah aman | AO34: 33 (2024) | AP34: Kekerasan Terhadap Anak | AU34: v | BC34: =COUNTIF(AC34:AM34,"Sudah") -> 10 | BI34: =IFERROR(__xludf.DUMMYFUNCTION("IF(OR(REGEXMATCH(I34,""Peraturan Walikota""),REGEXMATCH(I34,""Peraturan Bupati""),REGEXMATCH(I34,""PERATURAN BUPATI""),REGEXMATCH(I34,""PERATURAN WALIKOTA"")),""Ada"",""Tidak Ada"")"),"Ada") -> Ada | BJ34: =IF(O34 = "Belum Punya", "Tidak Ada", IF(O34 = "", "Tidak Menjawab", "Ada")) -> Ada | BK34: =IF(P34 = "Tidak Punya", "Tidak Ada", IF(P34 = "", "Tidak Menjawab", "Ada")) -> Tidak Ada | BL34: =IF(AND(R34="Ada",S34="Ada",T34="Ada"),"Lengkap","Tidak Lengkap") -> Lengkap | BM34: =IF(AND(U34="Ada",V34="Ada",W34="Ada",X34="Ada",Y34="Ada",AB34="Ada"),"Lengkap","Tidak Lengkap") -> Tidak Lengkap
A35: Provinsi Sumatera Utara | B35: 31 | C35: Kota Medan | D35: Anas Ansor Siregar, SE | E35: Jl. AH. Nasution No. 17 Kelurahan Pangkaan Masyhur, Kecamatan Medan Johor, Kota Medan | G35: 081265145140 | H35: UPT PPA | I35: Peraturan Walikota Medan No. 35 Tahun 2021 | J35: 2021 | K35: A | L35: 081374135544 | M35: anas.regar212@gmail.com | N35: 1. Kepala UPT 2. Kasubag TU 3. Kelompok Jabatan Fungsional | O35: MANDIRI | P35: SEWA/KONTRAK | R35: Ada | S35: Tidak Ada | T35: Tidak Ada | U35: Ada | V35: Tidak Ada | W35: Tidak Ada | X35: Ada | Y35: Tidak Ada | Z35: Ada | AA35: Tidak Ada | AB35: Tidak Ada | AC35: Sudah | AD35: Sudah | AE35: Sudah | AF35: Sudah | AG35: Belum | AH35: Sudah | AI35: Belum | AJ35: Sudah | AK35: Belum | AL35: Sudah | AM35: Sudah | AN35: pengaduan dari masyarakat, penjangkuan korban, pengelolaan Kasus, Jika korban memerlukan pengamanan maka akan diberikan penampungan sementara di rumah aman | AO35: 166 (2024) | AP35: Kekerasan Terhadap Anak | AV35: v | BA35: Sumber Daya yang masih kurang, baik dari sisi Infrastruktur dan petugas layanan | BB35: Sering dilakukan diskusi terkait manajemen kasus dan penanganan kasus di tingkat propinsi ataupun pusat | BC35: =COUNTIF(AC35:AM35,"Sudah") -> 8 | BD35: Ketersediaan Sumber Daya Manusia (SDM) | BE35: Ketersediaan Sarana dan Prasarana | BI35: =IFERROR(__xludf.DUMMYFUNCTION("IF(OR(REGEXMATCH(I35,""Peraturan Walikota""),REGEXMATCH(I35,""Peraturan Bupati""),REGEXMATCH(I35,""PERATURAN BUPATI""),REGEXMATCH(I35,""PERATURAN WALIKOTA"")),""Ada"",""Tidak Ada"")"),"Ada") -> Ada | BJ35: =IF(O35 = "Belum Punya", "Tidak Ada", IF(O35 = "", "Tidak Menjawab", "Ada")) -> Ada | BK35: =IF(P35 = "Tidak Punya", "Tidak Ada", IF(P35 = "", "Tidak Menjawab", "Ada")) -> Ada | BL35: =IF(AND(R35="Ada",S35="Ada",T35="Ada"),"Lengkap","Tidak Lengkap") -> Tidak Lengkap | BM35: =IF(AND(U35="Ada",V35="Ada",W35="Ada",X35="Ada",Y35="Ada",AB35="Ada"),"Lengkap","Tidak Lengkap") -> Tidak Lengkap
A36: Provinsi Sumatera Utara | B36: 32 | C36: Kota Gunung Sitoli | D36: Yulianus Hia, S.Sos.,C.Med | E36: Jalan Ampera No. 15 Gunungsitoli, Kode Pos 22814 | F36: Tidak ada | G36: 082276070809 | H36: UPTD PPA Kota Gunungsitoli | I36: Peraturan Walikota Gunungsitoli Nomor 48 Tahun 2020 | J36: 2020 | K36: A | L36: 085275884002 | M36: uptd.ppa.gunungsitoli@gmail.com | N36: 1. Kepala UPTD 2. Kasubag TU 3. Kelompok Jabatan Fungsional | O36: BERGABUNG DENGAN KANTOR DINAS | P36: SEWA/KONTRAK | Q36: Pemerintah Daerah | R36: Ada | S36: Ada | T36: Tidak Ada | U36: Tidak Ada | V36: Tidak Ada | W36: Tidak Ada | X36: Ada | Y36: Tidak Ada | Z36: Ada | AA36: Tidak Ada | AB36: Ada | AC36: Sudah | AD36: Sudah | AE36: Sudah | AF36: Sudah | AG36: Sudah | AH36: Sudah | AI36: Sudah | AJ36: Sudah | AK36: Sudah | AL36: Sudah | AM36: Sudah | AN36: Berhubung sarana dan prasarana serta SDM masih belum memadai di UPTD PPA namun telah bekerjasama dengan instasi vertikal / lembaga penyedia layanan lainnya sehingga korban bisa dilayani sesuai kebutuhan penerima manfaat | AO36: 49 (2024) | AP36: KTP dan KTA | AU36: v | BA36: Kekurangan SDM khususnya jabatan fungsional serta belum ada Mobil Perlindungan untuk Korban | BB36: Di menu BO PPA Pelayanan agar dperkenankan pembayaran ATK dan SPPD Petugas Layanan | BC36: =COUNTIF(AC36:AM36,"Sudah") -> 11 | BD36: Ketersediaan Sumber Daya Manusia (SDM) | BE36: Ketersediaan Sarana dan Prasarana | BI36: =IFERROR(__xludf.DUMMYFUNCTION("IF(OR(REGEXMATCH(I36,""Peraturan Walikota""),REGEXMATCH(I36,""Peraturan Bupati""),REGEXMATCH(I36,""PERATURAN BUPATI""),REGEXMATCH(I36,""PERATURAN WALIKOTA"")),""Ada"",""Tidak Ada"")"),"Ada") -> Ada | BJ36: =IF(O36 = "Belum Punya", "Tidak Ada", IF(O36 = "", "Tidak Menjawab", "Ada")) -> Ada | BK36: =IF(P36 = "Tidak Punya", "Tidak Ada", IF(P36 = "", "Tidak Menjawab", "Ada")) -> Ada | BL36: =IF(AND(R36="Ada",S36="Ada",T36="Ada"),"Lengkap","Tidak Lengkap") -> Tidak Lengkap | BM36: =IF(AND(U36="Ada",V36="Ada",W36="Ada",X36="Ada",Y36="Ada",AB36="Ada"),"Lengkap","Tidak Lengkap") -> Tidak Lengkap
A37: Provinsi Sumatera Utara | B37: 33 | C37: Batu Bara | D37: Yatmini, A.Md., Keb | E37: Jln. Besar Perupuk, Lima Puluh Pesisir, Batu Bara, Sumatera Utara, 21255 | G37: 081263537775 | H37: UPTD PPA | I37: Peraturan Bupati Kabupaten Batu Bara Nomor 48 Tahun 2023 | J37: 2023 | K37: A | L37: 081263537775 | M37: uptdppabatubara@gmail.com | N37: 1. Kepala UPTD 2. Kasubag TU 3. Kelompok Jabatan Fungsional | O37: BERGABUNG DENGAN KANTOR DINAS | P37: TIDAK PUNYA | R37: Ada | S37: Tidak Ada | T37: Tidak Ada | U37: Tidak Ada | V37: Ada | W37: Tidak Ada | X37: Tidak Ada | Y37: Tidak Ada | Z37: Ada | AA37: Tidak Ada | AB37: Tidak Ada | AC37: Sudah | AD37: Sudah | AE37: Belum | AF37: Sudah | AG37: Belum | AH37: Belum | AI37: Belum | AJ37: Belum | AK37: Sudah | AL37: Belum | AM37: Belum | AN37: Pengaduan dari masyarakat, penjangkuan korban, pengelolaan Kasus | AO37: 70 (2024) | AP37: Kekerasan Terhadap Anak | AX37: v | BA37: Kurangnya sarana dan prasarana dan keterbatasan sumber daya manusia | BB37: Diharapkan tersedianya mobil perlindungan untuk mengefektifkan pelayanan dan perlindungan di UPTD PPA | BC37: =COUNTIF(AC37:AM37,"Sudah") -> 4 | BD37: Ketersediaan Sumber Daya Manusia (SDM) | BE37: Ketersediaan Sarana dan Prasarana | BI37: =IFERROR(__xludf.DUMMYFUNCTION("IF(OR(REGEXMATCH(I37,""Peraturan Walikota""),REGEXMATCH(I37,""Peraturan Bupati""),REGEXMATCH(I37,""PERATURAN BUPATI""),REGEXMATCH(I37,""PERATURAN WALIKOTA"")),""Ada"",""Tidak Ada"")"),"Ada") -> Ada | BJ37: =IF(O37 = "Belum Punya", "Tidak Ada", IF(O37 = "", "Tidak Menjawab", "Ada")) -> Ada | BK37: =IF(P37 = "Tidak Punya", "Tidak Ada", IF(P37 = "", "Tidak Menjawab", "Ada")) -> Tidak Ada | BL37: =IF(AND(R37="Ada",S37="Ada",T37="Ada"),"Lengkap","Tidak Lengkap") -> Tidak Lengkap | BM37: =IF(AND(U37="Ada",V37="Ada",W37="Ada",X37="Ada",Y37="Ada",AB37="Ada"),"Lengkap","Tidak Lengkap") -> Tidak Lengkap
A38: Provinsi Sumatera Utara | B38: 34 | C38: Simalungun | D38: Gita Nainggolan,SH | E38: Jl. Radjamin Purba No.1 Kelurahan Perdagangan I Kecamatan Bandar, Kode Pos 21184 | H38: UPTD. PPA | I38: Peraturan Bupati Simalungun No.65 Tahun 2023 | J38: 2023 | K38: A | L38: 085277247648 | M38: uptdppakabsimalungun@gmail.com | N38: 1. Kepala UPTD 2. Kasubag TU | O38: PINJAM GEDUNG SELAIN DPPPA | P38: TIDAK PUNYA | R38: Ada | S38: Tidak Ada | T38: Tidak Ada | U38: Tidak Ada | V38: Tidak Ada | W38: Tidak Ada | X38: Tidak Ada | Y38: Tidak Ada | Z38: Ada | AA38: Tidak Ada | AB38: Tidak Ada | AC38: Sudah | AD38: Sudah | AE38: Sudah | AF38: Sudah | AG38: Belum | AH38: Belum | AI38: Belum | AJ38: Belum | AK38: Belum | AL38: Sudah | AM38: Sudah | AN38: pengaduan dari masyarakat, penjangkuan korban, Pendampingan layanan psikologis | AO38: 48 (2024) | AP38: Kekerasan Terhadap Perempuan | AX38: v | BA38: Sumber daya manusianya masih minim yang membutuhkan pelatihan, fasilitas penunjang lainnya seperti mobil molin,rumah aman,puspaga yang belum tersedia dan tim ahli juga belum tersedia | BB38: Tersedianya tim ahli dalam memberikan pelayanaan penanganan kasus | BC38: =COUNTIF(AC38:AM38,"Sudah") -> 6 | BD38: Ketersediaan Sumber Daya Manusia (SDM) | BE38: Ketersediaan Sarana dan Prasarana | BI38: =IFERROR(__xludf.DUMMYFUNCTION("IF(OR(REGEXMATCH(I38,""Peraturan Walikota""),REGEXMATCH(I38,""Peraturan Bupati""),REGEXMATCH(I38,""PERATURAN BUPATI""),REGEXMATCH(I38,""PERATURAN WALIKOTA"")),""Ada"",""Tidak Ada"")"),"Ada") -> Ada | BJ38: =IF(O38 = "Belum Punya", "Tidak Ada", IF(O38 = "", "Tidak Menjawab", "Ada")) -> Ada | BK38: =IF(P38 = "Tidak Punya", "Tidak Ada", IF(P38 = "", "Tidak Menjawab", "Ada")) -> Tidak Ada | BL38: =IF(AND(R38="Ada",S38="Ada",T38="Ada"),"Lengkap","Tidak Lengkap") -> Tidak Lengkap | BM38: =IF(AND(U38="Ada",V38="Ada",W38="Ada",X38="Ada",Y38="Ada",AB38="Ada"),"Lengkap","Tidak Lengkap") -> Tidak Lengkap
A39: Provinsi Sumatera Utara | B39: 35 | C39: Padang Lawas Utara | D39: Ahmad Adha Siregar | E39: Jalan Lintas Gunungtua-Langga Payung KM.5 Paranginan | F39: 085283853686 | G39: 085283853686 | H39: UPTD PPA | I39: Peraturan Bupati Padang Lawas Utara Nomor 22 Tahun 2023 | J39: 2023 | K39: A | L39: 085283853686 | M39: azizansiregar@gmail.com | N39: 1. Kepala UPTD 2. Kasubag TU 3. Kelompok Jabatan Fungsional | O39: BERGABUNG DENGAN KANTOR DINAS | P39: TIDAK PUNYA | Q39: Pemerintah Daerah | R39: Tidak Ada | S39: Ada | T39: Tidak Ada | U39: tidak ada | V39: tidak ada | W39: tidak ada | X39: tidak ada | Y39: ada | Z39: Ada | AA39: tidak ada | AB39: tidak ada | AC39: Sudah | AD39: Sudah | AE39: sudah | AF39: sudah | AG39: Belum | AH39: Sudah | AI39: belum | AJ39: belum | AK39: Belum | AL39: Belum | AM39: sudah | AN39: pengaduan dari masyarakat, penjangkuan korban, pengelolaan Kasus, dan upaya penegakan Hukum | AO39: 41 (2024) | AP39: Kekerasan Terhadap Anak | AX39: v | BA39: keterbatasan SDM, masih banyak jabatan fungsional yang belum terisi | BC39: =COUNTIF(AC39:AM39,"Sudah") -> 6 | BD39: Ketersediaan Sumber Daya Manusia (SDM) | BI39: =IFERROR(__xludf.DUMMYFUNCTION("IF(OR(REGEXMATCH(I39,""Peraturan Walikota""),REGEXMATCH(I39,""Peraturan Bupati""),REGEXMATCH(I39,""PERATURAN BUPATI""),REGEXMATCH(I39,""PERATURAN WALIKOTA"")),""Ada"",""Tidak Ada"")"),"Ada") -> Ada | BJ39: =IF(O39 = "Belum Punya", "Tidak Ada", IF(O39 = "", "Tidak Menjawab", "Ada")) -> Ada | BK39: =IF(P39 = "Tidak Punya", "Tidak Ada", IF(P39 = "", "Tidak Menjawab", "Ada")) -> Tidak Ada | BL39: =IF(AND(R39="Ada",S39="Ada",T39="Ada"),"Lengkap","Tidak Lengkap") -> Tidak Lengkap | BM39: =IF(AND(U39="Ada",V39="Ada",W39="Ada",X39="Ada",Y39="Ada",AB39="Ada"),"Lengkap","Tidak Lengkap") -> Tidak Lengkap
A40: Provinsi Sumatera Utara | B40: 36 | C40: Tapanuli Utara | D40: Bdn. Elfrida Rismauli Simangunsong, S.Keb | E40: JL. JCT. Simorangkir No.04 Tarutung 22417 Sumatera Utara Telp (0633)21977 | F40: - | G40: 081361361518/082167433438 | H40: UPT PPA | I40: Peraturan Bupati Nomor 37 Tahun 2023 | J40: 2023 | K40: A | L40: 082167433438/08361361518 | M40: uptdtaput@gmail.com | N40: 1. Kepala UPTD 2. Kasubag TU | O40: BELUM PUNYA | P40: TIDAK PUNYA | R40: Ada | S40: Ada | T40: Ada | U40: Tidak Ada | V40: Tidak Ada | W40: Tidak Ada | X40: TIDAK ADA | Y40: Tidak Ada | Z40: TIDAK ADA | AA40: Tidak Ada | AB40: Tidak Ada | AC40: Sudah | AD40: Sudah | AE40: Sudah | AF40: Sudah | AG40: Belum | AH40: Sudah | AI40: Belum | AJ40: Sudah | AK40: Belum | AL40: Sudah | AM40: Sudah | AN40: pengaduan dari masyarakat, penjangkuan korban, pengelolaan Kasus, Jika korban memerlukan pengamanan maka akan diberikan penampungan sementara di rumah aman | AO40: 33 (2024) | AP40: Kekerasan Terhadap Anak | AX40: v | BA40: Tidak ada anggaran untuk pelayanan penjangkauan korban, petugas layanan yang masih minim, menjangkau kasus masih menggunakan kendaraan pribadi | BB40: Supaya membantu untuk menyediakan kendaraan (mobil/motor) dalam menjangkau korban kasus kekerasan pada anak | BC40: =COUNTIF(AC40:AM40,"Sudah") -> 8 | BD40: Ketersediaan Anggaran | BE40: Ketersediaan Sumber Daya Manusia (SDM) | BF40: Ketersediaan Sarana dan Prasarana | BI40: =IFERROR(__xludf.DUMMYFUNCTION("IF(OR(REGEXMATCH(I40,""Peraturan Walikota""),REGEXMATCH(I40,""Peraturan Bupati""),REGEXMATCH(I40,""PERATURAN BUPATI""),REGEXMATCH(I40,""PERATURAN WALIKOTA"")),""Ada"",""Tidak Ada"")"),"Ada") -> Ada | BJ40: =IF(O40 = "Belum Punya", "Tidak Ada", IF(O40 = "", "Tidak Menjawab", "Ada")) -> Tidak Ada | BK40: =IF(P40 = "Tidak Punya", "Tidak Ada", IF(P40 = "", "Tidak Menjawab", "Ada")) -> Tidak Ada | BL40: =IF(AND(R40="Ada",S40="Ada",T40="Ada"),"Lengkap","Tidak Lengkap") -> Lengkap | BM40: =IF(AND(U40="Ada",V40="Ada",W40="Ada",X40="Ada",Y40="Ada",AB40="Ada"),"Lengkap","Tidak Lengkap") -> Tidak Lengkap
A41: Provinsi Sumatera Utara | B41: 37 | C41: Nias Selatan | D41: Belum ada | E41: Jalan Fahuwusa Laia, Komplek Baloho Indah, Kecamatan Teluk Dalam, Kabupaten Nias Selatan | F41: Belum ada | G41: Belum ada | H41: UPTD PPA | I41: Peraturan Bupati Nias Selatan No. 110 Tahun 2024 | J41: 2024 | K41: A | L41: FILIRIA LAOWO/081375955006 | M41: p2kbp3anisel@gmail.com | N41: 1. Kepala UPTD 2. Kasubag TU 3. Kelompok Jabatan Fungsional | O41: BERGABUNG DENGAN KANTOR DINAS | P41: MILIK SENDIRI | Q41: Pemerintah Daerah | R41: Tidak Ada | S41: Tidak Ada | T41: Tidak Ada | U41: Tidak Ada | V41: Ada | W41: Tidak Ada | X41: Tidak Ada | Y41: Tidak Ada | Z41: Tidak Ada | AA41: Tidak Ada | AB41: Tidak Ada | AC41: Sudah | AD41: Sudah | AE41: Sudah | AF41: sudah | AG41: Belum | AH41: Sudah | AI41: Belum | AJ41: Sudah | AK41: Belum | AL41: Sudah | AM41: Sudah | AN41: pengaduan dari masyarakat, penjangkuan korban, pengelolaan Kasus, Jika korban memerlukan pengamanan maka akan diberikan penampungan sementara di rumah aman | AO41: 40 (2024) | AP41: Kekerasan Terhadap Anak | AY41: v | BC41: =COUNTIF(AC41:AM41,"Sudah") -> 8 | BI41: =IFERROR(__xludf.DUMMYFUNCTION("IF(OR(REGEXMATCH(I41,""Peraturan Walikota""),REGEXMATCH(I41,""Peraturan Bupati""),REGEXMATCH(I41,""PERATURAN BUPATI""),REGEXMATCH(I41,""PERATURAN WALIKOTA"")),""Ada"",""Tidak Ada"")"),"Ada") -> Ada | BJ41: =IF(O41 = "Belum Punya", "Tidak Ada", IF(O41 = "", "Tidak Menjawab", "Ada")) -> Ada | BK41: =IF(P41 = "Tidak Punya", "Tidak Ada", IF(P41 = "", "Tidak Menjawab", "Ada")) -> Ada | BL41: =IF(AND(R41="Ada",S41="Ada",T41="Ada"),"Lengkap","Tidak Lengkap") -> Tidak Lengkap | BM41: =IF(AND(U41="Ada",V41="Ada",W41="Ada",X41="Ada",Y41="Ada",AB41="Ada"),"Lengkap","Tidak Lengkap") -> Tidak Lengkap
A42: Provinsi Sumatera Utara | B42: 38 | C42: Dairi | D42: Ernawaty Ronauli Berutu, SE | E42: Jl. Keluarga Berencana no. 3 Sidikalang, Kabupaten Dairi | F42: - | G42: 081265916200 | H42: UPT PPA | I42: Peraturan Bupati Dairi Nomor 11 Tahun 2023 tentang Perubahan atas Peraturan Bupati Dairi Nomor 7 Tahun 2022 tentang Kedudukan, Susunan Organisasi, Tugas dan Fungsi serta Tata Kerja Perangkat Daerah Kabupaten Dairi | J42: 2023 | K42: A | L42: 081265916200 | M42: uptppadairi@gmail.com | N42: 1. Kepala UPT 2. Kasubag TU | O42: MANDIRI | P42: TIDAK PUNYA | Q42: Pemerintah Daerah | R42: Tidak Ada | S42: Tidak Ada | T42: Tidak Ada | U42: Tidak Ada | V42: Tidak Ada | W42: Tidak Ada | X42: Tidak Ada | Y42: Tidak Ada | Z42: Tidak Ada | AA42: Tidak Ada | AB42: Tidak Ada | AC42: Sudah | AD42: Sudah | AE42: Belum | AF42: Belum | AG42: Belum | AH42: Belum | AI42: Belum | AJ42: Belum | AK42: Belum | AL42: Sudah | AM42: Belum | AN42: pengaduan dari masyarakat, penjangkuan korban, pengelolaan Kasus | AO42: 54 (2024) | AP42: Kekerasan Terhadap Anak | AX42: v | BA42: Sumber Daya yang masih sangat kurang terutama petugas layanan yang dibutuhkan dalam pemberian layanan kepada korban | BB42: Meningkatkan Forum Group Diskusi terkait Manajemen Pengelolaan Kasus | BC42: =COUNTIF(AC42:AM42,"Sudah") -> 3 | BD42: Ketersediaan Sumber Daya Manusia (SDM) | BI42: =IFERROR(__xludf.DUMMYFUNCTION("IF(OR(REGEXMATCH(I42,""Peraturan Walikota""),REGEXMATCH(I42,""Peraturan Bupati""),REGEXMATCH(I42,""PERATURAN BUPATI""),REGEXMATCH(I42,""PERATURAN WALIKOTA"")),""Ada"",""Tidak Ada"")"),"Ada") -> Ada | BJ42: =IF(O42 = "Belum Punya", "Tidak Ada", IF(O42 = "", "Tidak Menjawab", "Ada")) -> Ada | BK42: =IF(P42 = "Tidak Punya", "Tidak Ada", IF(P42 = "", "Tidak Menjawab", "Ada")) -> Tidak Ada | BL42: =IF(AND(R42="Ada",S42="Ada",T42="Ada"),"Lengkap","Tidak Lengkap") -> Tidak Lengkap | BM42: =IF(AND(U42="Ada",V42="Ada",W42="Ada",X42="Ada",Y42="Ada",AB42="Ada"),"Lengkap","Tidak Lengkap") -> Tidak Lengkap
A43: Provinsi Sumatera Utara | B43: 39 | C43: Karo | D43: Belum ada Kepala UPTD | E43: Jalan Jamin Ginting No. 108 Sumber Mufakat, Kabanjahe | F43: 085371549657 | G43: 085371549657 | H43: UPTD PPA | I43: Peraturan Bupati Karo Nomor 08 Tahun 2025 | J43: 2025 | K43: A | L43: 085371549657 | M43: dpppa.kabkaro@gmail.com | N43: 1. Kepala UPTD 2. Kasubag TU 3. Kelompok Jabatan Fungsional | O43: BERGABUNG DENGAN KANTOR DINAS | P43: SEWA/KONTRAK | Q43: MILIK MASYARAKAT | R43: Tidak Ada | S43: ADA | T43: TIDAK ADA | U43: TIDAK ADA | V43: ADA | W43: TIDAK ADA | X43: TIDAK ADA | Y43: TIDAK ADA | Z43: ADA | AA43: TIDAK ADA | AB43: TIDAK ADA | AC43: SUDAH | AD43: SUDAH | AE43: SUDAH | AF43: SUDAH | AG43: BELUM | AH43: SUDAH | AI43: BELUM | AJ43: SUDAH | AK43: BELUM | AL43: SUDAH | AM43: SUDAH | AN43: merima laporan pengaduan dari masyarakat, melakukan penjangkauan terhadap korban, melakukan pendampingan dan konseling terhadap korban dan menempatkan korban sementara di rumah perlindungan jika diperlukan | AO43: 27 (2024) | AP43: Kekerasan seksual terhadap anak (pelecehan dan pencabulan) | AW43: v | BA43: Kurangnya SDM dan keterbatasan anggaran | BB43: Mengaktifkan fungsi aktivis PATBM di desa/kelurahan | BC43: =COUNTIF(AC43:AM43,"Sudah") -> 8 | BD43: Ketersediaan Sumber Daya Manusia (SDM) | BE43: Ketersediaan Anggaran | BI43: =IFERROR(__xludf.DUMMYFUNCTION("IF(OR(REGEXMATCH(I43,""Peraturan Walikota""),REGEXMATCH(I43,""Peraturan Bupati""),REGEXMATCH(I43,""PERATURAN BUPATI""),REGEXMATCH(I43,""PERATURAN WALIKOTA"")),""Ada"",""Tidak Ada"")"),"Ada") -> Ada | BJ43: =IF(O43 = "Belum Punya", "Tidak Ada", IF(O43 = "", "Tidak Menjawab", "Ada")) -> Ada | BK43: =IF(P43 = "Tidak Punya", "Tidak Ada", IF(P43 = "", "Tidak Menjawab", "Ada")) -> Ada | BL43: =IF(AND(R43="Ada",S43="Ada",T43="Ada"),"Lengkap","Tidak Lengkap") -> Tidak Lengkap | BM43: =IF(AND(U43="Ada",V43="Ada",W43="Ada",X43="Ada",Y43="Ada",AB43="Ada"),"Lengkap","Tidak Lengkap") -> Tidak Lengkap
A44: Provinsi Sumatera Utara | B44: 40 | C44: Tapanuli Selatan | D44: Siti Saleha Lubis, AMd. Gz/ 0853 6196 4851 | E44: Jalan Kenanga No. 74, Kode Pos 22725 Kota Padangsidimpuan EX. Kantor Bupati Tapanuli Selatan | F44: 082273166759 | G44: 082273166759 | H44: UPTD PPA | I44: Peraturan Bupati Tapanuli Selatan Nomor 18 Tahun 2023 | J44: 2023 | K44: A | L44: Siti Saleha Lubis, AMd. Gz/ 0853 6196 4851 | M44: uptdppakabtapanuliselatan@gmail.com | N44: 1. Kepala UPTD 2. Kepala Subbagian Tata Usaha 3. Kelompok Jabatan Fungsional 4. Administrasi Umum 5. Pengemudi 6. Penjaga Keamanan 7. Psikolog 8. Penjaga Asrama 9. Mediator | O44: MANDIRI | P44: TIDAK PUNYA | Q44: Pemerintah Daerah | R44: TIDAK ADA | S44: Ada | T44: Ada | U44: Tidak Ada | V44: Tidak Ada | W44: Tidak Ada | X44: Ada | Y44: Ada | Z44: Ada | AA44: Tidak Ada | AB44: Tidak Ada | AC44: Sudah | AD44: Sudah | AE44: Belum | AF44: Sudah | AG44: Belum | AH44: Sudah | AI44: Belum | AJ44: Belum | AK44: Belum | AL44: Sudah | AM44: Sudah | AN44: pengaduan dari masyarakat, penjangkuan korban, pengelolaan Kasus, pendampingan korban untuk pemeriksaan visum, pemeriksaan oleh psikolog, bantuan Hukum, pemberian bantuan transport kepada korban dan pendamping. | AO44: 43 (2024) | AP44: Pencabulan Terhadap Anak | AX44: v | BA44: Lokasi Korban yang jauh dari Pusat Kabupaten, Jumlah SDM UPTD PPA yang sedikit | BB44: Sebaiknya UPTD PPA memiliki rumah aman, korban kekerasan mendapat pendampingan hukum khusus korban kurang mampu. | BC44: =COUNTIF(AC44:AM44,"Sudah") -> 6 | BD44: Penjangkauan Kasus | BE44: Ketersediaan Sumber Daya Manusia (SDM) | BI44: =IFERROR(__xludf.DUMMYFUNCTION("IF(OR(REGEXMATCH(I44,""Peraturan Walikota""),REGEXMATCH(I44,""Peraturan Bupati""),REGEXMATCH(I44,""PERATURAN BUPATI""),REGEXMATCH(I44,""PERATURAN WALIKOTA"")),""Ada"",""Tidak Ada"")"),"Ada") -> Ada | BJ44: =IF(O44 = "Belum Punya", "Tidak Ada", IF(O44 = "", "Tidak Menjawab", "Ada")) -> Ada | BK44: =IF(P44 = "Tidak Punya", "Tidak Ada", IF(P44 = "", "Tidak Menjawab", "Ada")) -> Tidak Ada | BL44: =IF(AND(R44="Ada",S44="Ada",T44="Ada"),"Lengkap","Tidak Lengkap") -> Tidak Lengkap | BM44: =IF(AND(U44="Ada",V44="Ada",W44="Ada",X44="Ada",Y44="Ada",AB44="Ada"),"Lengkap","Tidak Lengkap") -> Tidak Lengkap
A45: Provinsi Sumatera Utara | B45: 41 | C45: Kota Padang Sidempuan | D45: Winny Mora Hasibuan,SH | E45: Jl. Willem Iskandar Kelurahan Sadabuan Kecamatan Padangsidimpuan Utara | H45: UPT PPA | I45: Peraturan Walikota Nomor 10 Tahun 2023 | J45: 2023 | K45: A | L45: 081370690087 | M45: winnymora111@gmail.com | N45: 1. Kepala UPT 2. Kasubag TU 3. Kelompok Jabatan Fungsional | O45: MANDIRI | P45: SEWA/KONTRAK | Q45: Rumah Perlindungan Masih Dikontrak | R45: Ada | S45: Ada | T45: Tidak Ada | U45: Ada | V45: Ada | W45: Tidak Ada | X45: Ada | Y45: Ada | Z45: Ada | AA45: Tidak Ada | AB45: Tidak Ada | AC45: Sudah | AD45: Sudah | AE45: Sudah | AF45: Sudah | AG45: Belum | AH45: Sudah | AI45: Belum | AJ45: Sudah | AK45: Belum | AL45: Sudah | AM45: Sudah | AN45: pengaduan dari masyarakat, penjangkuan korban, pengelolaan Kasus, Jika korban memerlukan pengamanan maka akan diberikan penampungan sementara di rumah aman | AO45: 40 (2024) | AP45: Kekerasan Terhadap Anak | AX45: v | BA45: Sumber Daya yang masih kurang, baik dari sisi Infrastruktur dan petugas layanan | BB45: Sering dilakukan Pertemuan dan Pelatihan terkait manajemen kasus dan penanganan kasus di tingkat propinsi ataupun pusat | BC45: =COUNTIF(AC45:AM45,"Sudah") -> 8 | BD45: Ketersediaan Sarana dan Prasarana | BE45: Ketersediaan Sumber Daya Manusia (SDM) | BI45: =IFERROR(__xludf.DUMMYFUNCTION("IF(OR(REGEXMATCH(I45,""Peraturan Walikota""),REGEXMATCH(I45,""Peraturan Bupati""),REGEXMATCH(I45,""PERATURAN BUPATI""),REGEXMATCH(I45,""PERATURAN WALIKOTA"")),""Ada"",""Tidak Ada"")"),"Ada") -> Ada | BJ45: =IF(O45 = "Belum Punya", "Tidak Ada", IF(O45 = "", "Tidak Menjawab", "Ada")) -> Ada | BK45: =IF(P45 = "Tidak Punya", "Tidak Ada", IF(P45 = "", "Tidak Menjawab", "Ada")) -> Ada | BL45: =IF(AND(R45="Ada",S45="Ada",T45="Ada"),"Lengkap","Tidak Lengkap") -> Tidak Lengkap | BM45: =IF(AND(U45="Ada",V45="Ada",W45="Ada",X45="Ada",Y45="Ada",AB45="Ada"),"Lengkap","Tidak Lengkap") -> Tidak Lengkap
A46: Provinsi Sumatera Utara | B46: 42 | C46: Kota Tanjung Balai | D46: Maria Ulfa Panjaitan | E46: Jln. Gaharu No 11. Kelurahan Sei Rantau, Kec. Datuk Bandar | F46: 082284738183 | I46: Peraturan Walikota Nomor 13 Tahun 2024 | J46: 2024 | K46: A | L46: DEWI SITIO | M46: tiodewi55@gmail.com | N46: 1. Kepala UPTD 2. Kasubag TU 3. Kelompok Jabatan Fungsional | O46: BERGABUNG DENGAN KANTOR DINAS | P46: MILIK SENDIRI | Q46: Pemerintah Daerah | R46: Tidak Ada | S46: Ada | T46: Tidak Ada | U46: Ada | V46: Tidak Ada | W46: Tidak Ada | X46: Tidak Ada | Y46: Ada | Z46: Tidak Ada | AA46: tidak ada | AB46: Tidak Ada | AC46: Sudah | AD46: Sudah | AE46: Belum | AF46: Sudah | AG46: Belum | AH46: Sudah | AI46: Sudah | AJ46: Sudah | AK46: Belum | AL46: Belum | AM46: Sudah | AN46: pengaduan dari masyarakat, penjangkuan korban, pengelolaan Kasus, Jika korban memerlukan pengamanan maka akan diberikan penampungan sementara di rumah aman | AO46: 20 (2024) | AP46: Kekerasan Terhadap Anak | AY46: v | BA46: 1. kurangnya SDM yang memiliki kapisitas dalam penganan 2. masyarakat masih belum sepenuhnya percaya kalau UPTD bisa melakuakan pendampingan dan penanganan kasus | BB46: Kerjasama antar lintas sektoral harus diperkuat unutk memberikan pelayanan yang maksimal | BC46: =COUNTIF(AC46:AM46,"Sudah") -> 7 | BD46: Ketersediaan Sumber Daya Manusia (SDM) | BE46: Stigma/Kesadaran Masyarakat akan Kekerasan | BI46: =IFERROR(__xludf.DUMMYFUNCTION("IF(OR(REGEXMATCH(I46,""Peraturan Walikota""),REGEXMATCH(I46,""Peraturan Bupati""),REGEXMATCH(I46,""PERATURAN BUPATI""),REGEXMATCH(I46,""PERATURAN WALIKOTA"")),""Ada"",""Tidak Ada"")"),"Ada") -> Ada | BJ46: =IF(O46 = "Belum Punya", "Tidak Ada", IF(O46 = "", "Tidak Menjawab", "Ada")) -> Ada | BK46: =IF(P46 = "Tidak Punya", "Tidak Ada", IF(P46 = "", "Tidak Menjawab", "Ada")) -> Ada | BL46: =IF(AND(R46="Ada",S46="Ada",T46="Ada"),"Lengkap","Tidak Lengkap") -> Tidak Lengkap | BM46: =IF(AND(U46="Ada",V46="Ada",W46="Ada",X46="Ada",Y46="Ada",AB46="Ada"),"Lengkap","Tidak Lengkap") -> Tidak Lengkap
A47: Provinsi Sumatera Utara | B47: 43 | C47: Humbang Hasundutan | D47: Poilan Naibaho, S.S, M.A.P | E47: Jln. Letkol P.H. Purba, Doloksanggul, Kecamatan Doloksanggul | H47: UPTD PPA | I47: Peraturan Bupati Humbang Hasundutan Nomor 37 Tahun 2023 | J47: 2023 | K47: A | L47: 081361437546 | M47: voilanpercut@gmail.com | N47: 1. Kepala UPTD 2. Kasubag TU 3. Kelompok Jabatan Fungsional 4. Pelaksana | O47: MANDIRI | P47: MILIK SENDIRI | Q47: PEMERINTAH DAERAH | R47: TIDAK ADA | S47: TIDAK ADA | T47: TIDAK ADA | U47: TIDAK ADA | V47: TIDAK ADA | W47: TIDAK ADA | X47: TIDAK ADA | Y47: TIDAK ADA | Z47: TIDAK ADA | AA47: TIDAK ADA | AB47: TIDAK ADA | AC47: SUDAH | AD47: SUDAH | AE47: SUDAH | AF47: SUDAH | AG47: BELUM | AH47: BELUM | AI47: BELUM | AJ47: BELUM | AK47: BELUM | AL47: BELUM | AM47: BELUM | AN47: pengaduan dari masyarakat, penjangkuan korban, pengelolaan Kasus, Jika korban memerlukan pengamanan maka akan diberikan penampungan sementara di rumah aman | AO47: 14 (2024) | AP47: Kekerasan Terhadap Anak | AX47: v | BC47: =COUNTIF(AC47:AM47,"Sudah") -> 4 | BI47: =IFERROR(__xludf.DUMMYFUNCTION("IF(OR(REGEXMATCH(I47,""Peraturan Walikota""),REGEXMATCH(I47,""Peraturan Bupati""),REGEXMATCH(I47,""PERATURAN BUPATI""),REGEXMATCH(I47,""PERATURAN WALIKOTA"")),""Ada"",""Tidak Ada"")"),"Ada") -> Ada | BJ47: =IF(O47 = "Belum Punya", "Tidak Ada", IF(O47 = "", "Tidak Menjawab", "Ada")) -> Ada | BK47: =IF(P47 = "Tidak Punya", "Tidak Ada", IF(P47 = "", "Tidak Menjawab", "Ada")) -> Ada | BL47: =IF(AND(R47="Ada",S47="Ada",T47="Ada"),"Lengkap","Tidak Lengkap") -> Tidak Lengkap | BM47: =IF(AND(U47="Ada",V47="Ada",W47="Ada",X47="Ada",Y47="Ada",AB47="Ada"),"Lengkap","Tidak Lengkap") -> Tidak Lengkap
A48: Provinsi Sumatera Utara | B48: 44 | C48: Pakpak Bharat | D48: Belum ada Kepala UPTD masih dibawah kewenangan Dinas PMDPPAKB Kabupaten Pakpak Bharat | E48: Jln. Banurea, Desa Boang Manalu Kec. Salak | H48: UPTD PPA | I48: Peraturan Bupati No. 9 Tahun 2023 | J48: 2023 | K48: B | L48: - Berlian (0852-7016-8898) - Alin (0877-8792-2979) | N48: 1. Kepala UPTD 2. Kasubag TU 3. Kelompok Jabatan Fungsional | O48: MANDIRI | P48: MILIK SENDIRI | Q48: Pemerintah Daerah | R48: Ada | S48: Tidak Ada | T48: Tidak Ada | U48: Tidak Ada | V48: Tidak Ada | W48: Tidak Ada | X48: Tidak Ada | Y48: Tidak Ada | Z48: Tidak Ada | AA48: Tidak ada | AB48: Tidak ada | AC48: Sudah | AD48: Sudah | AE48: Sudah | AF48: Belum | AG48: Sudah | AH48: Sudah | AI48: Sudah | AJ48: Sudah | AK48: Sudah | AL48: Sudah | AM48: Sudah | AN48: pengaduan dari masyarakat, penjangkuan korban, pengelolaan Kasus, Jika korban memerlukan pengamanan maka akan diberikan penampungan sementara di rumah aman | AO48: 12 (2024) | AP48: Kasus kepada Anak 8 kasus yaitu Pelecehan Seksual | AX48: v | BA48: - Keterbatasan prasarana Transportasi dalam penjangkauan korban dan penjemputan korban. Masih enggannya korban untuk melapor ketika mengalami kasus kekerasan | BB48: 1) Pemerintah perlu memberikan perhatian khusus dalam hal peningkatan anggaran, tenaga kerja, fasilitas dan perlengkapan kerja kepada Unit Layanan Perlindungan Perempuan dan Anak. Dengan begitu, mereka dapat memberikan layanan yang lebih baik dan optimal kepada korban kekerasan. 2) Peningkatan Koordinasi antara Instansi Terkait Perlu dibangun kerjasama seperti kepolisian, dinas kesehatan, dinas sosial dan lain sebagainya. Dengan begitu, proses penanganan kasus dapat dilakukan secara efektif dan efisien. | BC48: =COUNTIF(AC48:AM48,"Sudah") -> 10 | BD48: Ketersediaan Sarana dan Prasarana | BE48: Stigma/Kesadaran Masyarakat akan Kekerasan | BI48: =IFERROR(__xludf.DUMMYFUNCTION("IF(OR(REGEXMATCH(I48,""Peraturan Walikota""),REGEXMATCH(I48,""Peraturan Bupati""),REGEXMATCH(I48,""PERATURAN BUPATI""),REGEXMATCH(I48,""PERATURAN WALIKOTA"")),""Ada"",""Tidak Ada"")"),"Ada") -> Ada | BJ48: =IF(O48 = "Belum Punya", "Tidak Ada", IF(O48 = "", "Tidak Menjawab", "Ada")) -> Ada | BK48: =IF(P48 = "Tidak Punya", "Tidak Ada", IF(P48 = "", "Tidak Menjawab", "Ada")) -> Ada | BL48: =IF(AND(R48="Ada",S48="Ada",T48="Ada"),"Lengkap","Tidak Lengkap") -> Tidak Lengkap | BM48: =IF(AND(U48="Ada",V48="Ada",W48="Ada",X48="Ada",Y48="Ada",AB48="Ada"),"Lengkap","Tidak Lengkap") -> Tidak Lengkap
A49: Provinsi Sumatera Utara | B49: 45 | C49: Labuhan Batu Selatan | D49: Belum ada Kepala UPT Kabupaten Labuhanbatu Selatan | E49: Komplek Perkantoran Sosopan Pemerintah Kabupaten Labuhanbatu Selatan Desa Sosopan Kecamatan Kotapinang | F49: 6244970140 | G49: - | H49: UPTD PPA | I49: Peraturan Bupati Labuhanbatu Selatan Nomor 43 Tahun 2022 | J49: 2022 | K49: A | L49: Ulfah Hafriyanti / 085361903208 | N49: Belum ada | O49: BELUM PUNYA | P49: TIDAK PUNYA | Q49: - | R49: Ada | S49: Tidak Ada | T49: Tidak Ada | U49: Tidak Ada | V49: Tidak Ada | W49: Tidak Ada | X49: Tidak Ada | Y49: Tidak Ada | Z49: Tidak Ada | AA49: Tidak ada | AB49: Tidak ada | AC49: Sudah | AD49: Sudah | AE49: Sudah | AF49: Belum | AG49: Sudah | AH49: Sudah | AI49: Sudah | AJ49: Sudah | AK49: Sudah | AL49: Sudah | AM49: Sudah | AN49: pengaduan dari masyarakat, penjangkuan korban, pengelolaan Kasus, Jika korban memerlukan pengamanan maka akan diberikan penampungan sementara di rumah aman | AO49: 14 (2024) | AP49: Kasus kepada Anak 5 kasus yaitu Pelecehan Seksual | AX49: v | BA49: - Keterbatasan prasarana Transportasi dalam penjangkauan korban dan penjemputan korban. Masih enggannya korban untuk melapor ketika mengalami kasus kekerasan | BB49: 1) Pemerintah perlu memberikan perhatian khusus dalam hal peningkatan anggaran, tenaga kerja, fasilitas dan perlengkapan kerja kepada Unit Layanan Perlindungan Perempuan dan Anak. Dengan begitu, mereka dapat memberikan layanan yang lebih baik dan optimal kepada korban kekerasan. 2) Peningkatan Koordinasi antara Instansi Terkait Perlu dibangun kerjasama seperti kepolisian, dinas kesehatan, dinas sosial dan lain sebagainya. Dengan begitu, proses penanganan kasus dapat dilakukan secara efektif dan efisien. | BC49: =COUNTIF(AC49:AM49,"Sudah") -> 10 | BD49: Ketersediaan Sarana dan Prasarana | BE49: Stigma/Kesadaran Masyarakat akan Kekerasan | BI49: =IFERROR(__xludf.DUMMYFUNCTION("IF(OR(REGEXMATCH(I49,""Peraturan Walikota""),REGEXMATCH(I49,""Peraturan Bupati""),REGEXMATCH(I49,""PERATURAN BUPATI""),REGEXMATCH(I49,""PERATURAN WALIKOTA"")),""Ada"",""Tidak Ada"")"),"Ada") -> Ada | BJ49: =IF(O49 = "Belum Punya", "Tidak Ada", IF(O49 = "", "Tidak Menjawab", "Ada")) -> Tidak Ada | BK49: =IF(P49 = "Tidak Punya", "Tidak Ada", IF(P49 = "", "Tidak Menjawab", "Ada")) -> Tidak Ada | BL49: =IF(AND(R49="Ada",S49="Ada",T49="Ada"),"Lengkap","Tidak Lengkap") -> Tidak Lengkap | BM49: =IF(AND(U49="Ada",V49="Ada",W49="Ada",X49="Ada",Y49="Ada",AB49="Ada"),"Lengkap","Tidak Lengkap") -> Tidak Lengkap
A50: Provinsi Sumatera Utara | B50: 46 | C50: Labuhan Batu Utara | D50: Rainey Fadillah Harahap, Am.Keb./082250140045 | E50: Jalan Koptu Mahmun Lubis Aek Kanopan | F50: 082250140045 | G50: 082250140045 | H50: UPTD PPA | I50: Peraturan Bupati Labuhanbatu Utara Nomor 42 Tahun 2021 tentang Pembentukan Unit Pelaksana Teknis Daerah Perlindungan Perempuan dan Anak pada Dinas Pemberdayaan Perempuan dan Perlindungan Anak Kabupaten Labuhanbatu Utara | J50: 2021 | K50: B | L50: Rainey Fadillah Harahap, Am.Keb./082250140045 | M50: dinaspppalabuhanbatuutara@gmail.com | N50: 1. Kepala UPTD 2. Pelaksana 3. Jabatan Fungsional | O50: MANDIRI | P50: SEWA/KONTRAK | Q50: Pemerintah Daerah Kabupaten Labuhanbatu Utara | R50: Ada | S50: Tidak Ada | T50: Ada | U50: Ada | V50: Ada | W50: Tidak Ada | X50: Ada | Y50: Tidak Ada | Z50: Ada | AA50: Ada | AB50: Ada | AC50: Sudah | AD50: Sudah | AE50: Sudah | AF50: Sudah | AG50: Belum | AH50: Sudah | AI50: Sudah | AJ50: Sudah | AK50: Belum | AL50: Sudah | AM50: Sudah | AN50: pengaduan dari masyarakat, penjangkuan korban, pengelolaan Kasus, Jika korban memerlukan pengamanan maka akan diberikan penampungan sementara di rumah aman | AO50: 27 (2024) | AP50: Kekerasan Terhadap Anak | AV50: v | BA50: Kurangnya SDM | BB50: Pelaporan Kasus, Dukungan Terhadap Korban, Melaksanakan Rehabilitasi, Investigasi dan Pengadilan, Pemulangan, serta Re Integrasi Sosial Dengan Instansi Terkait | BC50: =COUNTIF(AC50:AM50,"Sudah") -> 9 | BD50: Ketersediaan Sumber Daya Manusia (SDM) | BI50: =IFERROR(__xludf.DUMMYFUNCTION("IF(OR(REGEXMATCH(I50,""Peraturan Walikota""),REGEXMATCH(I50,""Peraturan Bupati""),REGEXMATCH(I50,""PERATURAN BUPATI""),REGEXMATCH(I50,""PERATURAN WALIKOTA"")),""Ada"",""Tidak Ada"")"),"Ada") -> Ada | BJ50: =IF(O50 = "Belum Punya", "Tidak Ada", IF(O50 = "", "Tidak Menjawab", "Ada")) -> Ada | BK50: =IF(P50 = "Tidak Punya", "Tidak Ada", IF(P50 = "", "Tidak Menjawab", "Ada")) -> Ada | BL50: =IF(AND(R50="Ada",S50="Ada",T50="Ada"),"Lengkap","Tidak Lengkap") -> Tidak Lengkap | BM50: =IF(AND(U50="Ada",V50="Ada",W50="Ada",X50="Ada",Y50="Ada",AB50="Ada"),"Lengkap","Tidak Lengkap") -> Tidak Lengkap
A51: Provinsi Sumatera Utara | B51: 47 | C51: Nias Utara | D51: Belum ada Kepala UPTD | H51: UPTD PPA | I51: Peraturan Bupati Nias Utara Nomor 24 Tahun 2023 tentang Pembentukan Unit Pelaksana Teknis Daerah Perlindungan Perempuan dan Anak Kabupaten Nias Utara | J51: 2023 | K51: A | N51: Belum ada | O51: BELUM PUNYA | P51: TIDAK PUNYA | AO51: 4 (2024) | AX51: v | BC51: =COUNTIF(AC51:AM51,"Sudah") -> 0 | BI51: =IFERROR(__xludf.DUMMYFUNCTION("IF(OR(REGEXMATCH(I51,""Peraturan Walikota""),REGEXMATCH(I51,""Peraturan Bupati""),REGEXMATCH(I51,""PERATURAN BUPATI""),REGEXMATCH(I51,""PERATURAN WALIKOTA"")),""Ada"",""Tidak Ada"")"),"Ada") -> Ada | BJ51: =IF(O51 = "Belum Punya", "Tidak Ada", IF(O51 = "", "Tidak Menjawab", "Ada")) -> Tidak Ada | BK51: =IF(P51 = "Tidak Punya", "Tidak Ada", IF(P51 = "", "Tidak Menjawab", "Ada")) -> Tidak Ada | BL51: =IF(AND(R51="Ada",S51="Ada",T51="Ada"),"Lengkap","Tidak Lengkap") -> Tidak Lengkap | BM51: =IF(AND(U51="Ada",V51="Ada",W51="Ada",X51="Ada",Y51="Ada",AB51="Ada"),"Lengkap","Tidak Lengkap") -> Tidak Lengkap
A52: Provinsi Sumatera Utara | B52: 48 | C52: Mandailing Natal | D52: SariI Ahmad Karia Derita Tua SE.MM | E52: JL.Willem Iskandar Dalan Lidang Panyabungan | F52: 081260800788 | G52: 085760368781 | H52: UPTD PPA | I52: Peraturan Bupati Mandailing Natal Nomor 31 Tahun 2024 | J52: 2024 | K52: A | L52: 081360451716 | N52: 1. Kepala UPTD 2. Kasubag TU 3. Kelompok Jabatan Fungsional | O52: MANDIRI | P52: SEWA/KONTRAK | Q52: Pemerintah Daerah | R52: Tidak Ada | S52: Tidak Ada | T52: Tidak Ada | U52: Tidak Ada | V52: Ada | W52: Tidak Ada | X52: Tidak Ada | Y52: Tidak Ada | Z52: Tidak Ada | AA52: Tidak Ada | AB52: Tidak Ada | AC52: Sudah | AD52: Sudah | AE52: sudah | AF52: sudah | AG52: sudah | AH52: Sudah | AI52: Sudah | AJ52: Sudah | AK52: Belum | AL52: Sudah | AM52: Sudah | AN52: pengaduan dari masyarakat, penjangkuan korban, pengelolaan Kasus, Jika korban memerlukan pengamanan maka akan diberikan penampungan sementara di rumah aman | AO52: 15 (2024) | AP52: Kekerasan Terhadap Anak | AY52: v | BA52: Kekurangan SDM | BB52: Pelaporan Kasus,Dukungan Terhadap Korban,InvestIgasi dan Pengadilan,Pemulangan Serta Itekrasi sosial Dengan Instansi Lain. | BC52: =COUNTIF(AC52:AM52,"Sudah") -> 10 | BD52: Ketersediaan Sumber Daya Manusia (SDM) | BI52: =IFERROR(__xludf.DUMMYFUNCTION("IF(OR(REGEXMATCH(I52,""Peraturan Walikota""),REGEXMATCH(I52,""Peraturan Bupati""),REGEXMATCH(I52,""PERATURAN BUPATI""),REGEXMATCH(I52,""PERATURAN WALIKOTA"")),""Ada"",""Tidak Ada"")"),"Ada") -> Ada | BJ52: =IF(O52 = "Belum Punya", "Tidak Ada", IF(O52 = "", "Tidak Menjawab", "Ada")) -> Ada | BK52: =IF(P52 = "Tidak Punya", "Tidak Ada", IF(P52 = "", "Tidak Menjawab", "Ada")) -> Ada | BL52: =IF(AND(R52="Ada",S52="Ada",T52="Ada"),"Lengkap","Tidak Lengkap") -> Tidak Lengkap | BM52: =IF(AND(U52="Ada",V52="Ada",W52="Ada",X52="Ada",Y52="Ada",AB52="Ada"),"Lengkap","Tidak Lengkap") -> Tidak Lengkap
A53: Provinsi Sumatera Utara | B53: 49 | C53: Kota Sibolga | D53: Belum ada, Menunggu Proses Pelantikan | E53: Jln. Jenderal Sudirman Kel. Aek Parombunan Kec. Sibolga Selatan Kota Sibolga. | H53: UPTD PPA | I53: Peraturan Walikota Sibolga Nomor 06 Tahun 2024 | J53: 2024 | K53: A | N53: 1. Kepala UPTD 2. Kasubag TU 3. Kelompok Jabatan Fungsional | O53: MANDIRI | P53: MILIK SENDIRI | Q53: Pemerintah Daerah | R53: Ada | S53: Ada | T53: Ada | U53: Tidak Ada | V53: Ada | W53: Tidak Ada | X53: Tidak Ada | Y53: Tidak Ada | Z53: Ada | AA53: Ada | AB53: Ada | AC53: Sudah | AD53: Sudah | AE53: Sudah | AF53: Sudah | AG53: Sudah | AH53: Belum | AI53: Sudah | AJ53: Sudah | AK53: Sudah | AL53: Sudah | AM53: Sudah | AN53: Bagi korban yang memerlukan pengamanan maka akan diberikan penampungan sementara di rumah aman. Untuk Layanan PPA sampai saat ini dilaksanakan oleh bidang PPA menunggu dilakukannya pelantikan. Hal ini terbentur masa Pilkada Tahun lalu. | AO53: 26 (2024) | AP53: Kekerasan Terhadap Anak | AY53: v | BA53: Fenomena yang terjadi saat ini, anak menjadi pelaku kekerasan. Salah satu faktor utama kondisi ini terjadi karena anak telah mengetahui bahwa anak dilindungi oleh UU, sehingga terdoktrin dalam pemahaman anak kalau mereka melakukan kekerasan, sangsi yang diberikan hanya sebatas pembinaan dan dikembalikan kepada orang tua. | BB53: Terinformasikannya nomor/kontak person petugas atau layanan PPA yang bersifat rujukan atau perwakilan kementerian yang ada di daerah. | BC53: =COUNTIF(AC53:AM53,"Sudah") -> 10 | BD53: Stigma/Kesadaran Masyarakat akan Kekerasan | BI53: =IFERROR(__xludf.DUMMYFUNCTION("IF(OR(REGEXMATCH(I53,""Peraturan Walikota""),REGEXMATCH(I53,""Peraturan Bupati""),REGEXMATCH(I53,""PERATURAN BUPATI""),REGEXMATCH(I53,""PERATURAN WALIKOTA"")),""Ada"",""Tidak Ada"")"),"Ada") -> Ada | BJ53: =IF(O53 = "Belum Punya", "Tidak Ada", IF(O53 = "", "Tidak Menjawab", "Ada")) -> Ada | BK53: =IF(P53 = "Tidak Punya", "Tidak Ada", IF(P53 = "", "Tidak Menjawab", "Ada")) -> Ada | BL53: =IF(AND(R53="Ada",S53="Ada",T53="Ada"),"Lengkap","Tidak Lengkap") -> Lengkap | BM53: =IF(AND(U53="Ada",V53="Ada",W53="Ada",X53="Ada",Y53="Ada",AB53="Ada"),"Lengkap","Tidak Lengkap") -> Tidak Lengkap
A54: Provinsi Sumatera Utara | B54: 50 | C54: Nias Barat | H54: belum terbentuk | BI54: =IFERROR(__xludf.DUMMYFUNCTION("IF(OR(REGEXMATCH(I54,""Peraturan Walikota""),REGEXMATCH(I54,""Peraturan Bupati""),REGEXMATCH(I54,""PERATURAN BUPATI""),REGEXMATCH(I54,""PERATURAN WALIKOTA"")),""Ada"",""Tidak Ada"")"),"Tidak Ada") -> Tidak Ada | BL54: =IF(AND(R54="Ada",S54="Ada",T54="Ada"),"Lengkap","Tidak Lengkap") -> Tidak Lengkap | BM54: =IF(AND(U54="Ada",V54="Ada",W54="Ada",X54="Ada",Y54="Ada",AB54="Ada"),"Lengkap","Tidak Lengkap") -> Tidak Lengkap
A55: Provinsi Sumatera Utara | B55: 51 | C55: Padang Lawas | H55: belum terbentuk | BI55: =IFERROR(__xludf.DUMMYFUNCTION("IF(OR(REGEXMATCH(I55,""Peraturan Walikota""),REGEXMATCH(I55,""Peraturan Bupati""),REGEXMATCH(I55,""PERATURAN BUPATI""),REGEXMATCH(I55,""PERATURAN WALIKOTA"")),""Ada"",""Tidak Ada"")"),"Tidak Ada") -> Tidak Ada | BL55: =IF(AND(R55="Ada",S55="Ada",T55="Ada"),"Lengkap","Tidak Lengkap") -> Tidak Lengkap | BM55: =IF(AND(U55="Ada",V55="Ada",W55="Ada",X55="Ada",Y55="Ada",AB55="Ada"),"Lengkap","Tidak Lengkap") -> Tidak Lengkap
A56: Provinsi Sumatera Utara | B56: 52 | C56: Nias | D56: Menunggu Pelantikan | E56: Jalan Maduma, Desa Hiliweto Gido, Kecamatan Gido, Kabupaten Nias, Sumatera Nias, Kode Pos 22871 | F56: 81397000972 | G56: 81397000972 | H56: UPTD PPA | I56: Peraturan Bupati Nias Nomor 12 Tahun 2025 | J56: 2025 | K56: A | L56: Dwi Hartini / 082166877472 | M56: hartinid74@gmail.com | N56: Kepala UPTD, Kasubbag TU dan Kelompok Jabatan Fungsional | O56: Bergabung dengan Kantor Dinas | P56: Tidak Punya | Q56: tidak ada | R56: Ada | S56: Tidak Ada | T56: Tidak Ada | U56: Tidak Ada | V56: Ada | W56: Tidak Ada | X56: Tidak Ada | Y56: Tidak Ada | Z56: Tidak Ada | AA56: Tidak Ada | AB56: Tidak Ada | AC56: Sudah | AD56: Sudah | AE56: Sudah | AF56: Sudah | AG56: Sudah | AH56: Sudah | AI56: Belum | AJ56: Sudah | AK56: Sudah | AL56: Sudah | AM56: Sudah | AO56: 13 | AP56: Kekerasan Seksual | AZ56: v | BA56: 1. Kurangnya SDM yang kompeten 2. Tidak adanya sarana dan prasarana 3. Kurangnya anggaran 4. Rendahnya pengetahuan masyarakat dan kurang memahami hak-hak perempuan dan anak, 5. Masyarakat belum mengetahui cara melaporkan kasus kekerasan 6. Adanya stigma negatif terhadap korban kekerasan dan rasa takut untuk melapor | BB56: Membentuk sistem yang terpadu, responsif, dan berpusat pada kebutuhan korban dengan bekerjasama pada organisasi masyarakat dan tenaga profesional [PKPA Nias dan Pesada] | BC56: =COUNTIF(AC56:AM56,"Sudah") -> 10 | BI56: =IFERROR(__xludf.DUMMYFUNCTION("IF(OR(REGEXMATCH(I56,""Peraturan Walikota""),REGEXMATCH(I56,""Peraturan Bupati""),REGEXMATCH(I56,""PERATURAN BUPATI""),REGEXMATCH(I56,""PERATURAN WALIKOTA"")),""Ada"",""Tidak Ada"")"),"Ada") -> Ada | BJ56: =IF(O56 = "Belum Punya", "Tidak Ada", IF(O56 = "", "Tidak Menjawab", "Ada")) -> Ada | BK56: =IF(P56 = "Tidak Punya", "Tidak Ada", IF(P56 = "", "Tidak Menjawab", "Ada")) -> Tidak Ada | BL56: =IF(AND(R56="Ada",S56="Ada",T56="Ada"),"Lengkap","Tidak Lengkap") -> Tidak Lengkap | BM56: =IF(AND(U56="Ada",V56="Ada",W56="Ada",X56="Ada",Y56="Ada",AB56="Ada"),"Lengkap","Tidak Lengkap") -> Tidak Lengkap
A57: Provinsi Sumatera Utara | B57: 53 | C57: Samosir | I57: Peraturan Bupati Samosir Nomor 31 Tahun 2025 tentang Pembentukan Unit Pelaksana Teknis Daerah Perlindungan Perempuan dan Anak Kabupaten Samosir | J57: 2025 | BC57: =COUNTIF(AC57:AM57,"Sudah") -> 0 | BI57: =IFERROR(__xludf.DUMMYFUNCTION("IF(OR(REGEXMATCH(I57,""Peraturan Walikota""),REGEXMATCH(I57,""Peraturan Bupati""),REGEXMATCH(I57,""PERATURAN BUPATI""),REGEXMATCH(I57,""PERATURAN WALIKOTA"")),""Ada"",""Tidak Ada"")"),"Ada") -> Ada | BL57: =IF(AND(R57="Ada",S57="Ada",T57="Ada"),"Lengkap","Tidak Lengkap") -> Tidak Lengkap | BM57: =IF(AND(U57="Ada",V57="Ada",W57="Ada",X57="Ada",Y57="Ada",AB57="Ada"),"Lengkap","Tidak Lengkap") -> Tidak Lengkap
A58: Provinsi Sumatera Utara | B58: 54 | C58: Tapanuli Tengah | I58: Peraturan Bupati Nomor 16 Tahun 2025 | J58: 2025 | BC58: =COUNTIF(AC58:AM58,"Sudah") -> 0 | BI58: =IFERROR(__xludf.DUMMYFUNCTION("IF(OR(REGEXMATCH(I58,""Peraturan Walikota""),REGEXMATCH(I58,""Peraturan Bupati""),REGEXMATCH(I58,""PERATURAN BUPATI""),REGEXMATCH(I58,""PERATURAN WALIKOTA"")),""Ada"",""Tidak Ada"")"),"Ada") -> Ada | BL58: =IF(AND(R58="Ada",S58="Ada",T58="Ada"),"Lengkap","Tidak Lengkap") -> Tidak Lengkap | BM58: =IF(AND(U58="Ada",V58="Ada",W58="Ada",X58="Ada",Y58="Ada",AB58="Ada"),"Lengkap","Tidak Lengkap") -> Tidak Lengkap
A59: Provinsi Sumatera Utara | B59: 55 | C59: Toba | I59: Peraturan Bupati Toba Nomor 29 Tahun 2025 | J59: 2025 | BC59: =COUNTIF(AC59:AM59,"Sudah") -> 0 | BI59: =IFERROR(__xludf.DUMMYFUNCTION("IF(OR(REGEXMATCH(I59,""Peraturan Walikota""),REGEXMATCH(I59,""Peraturan Bupati""),REGEXMATCH(I59,""PERATURAN BUPATI""),REGEXMATCH(I59,""PERATURAN WALIKOTA"")),""Ada"",""Tidak Ada"")"),"Ada") -> Ada | BL59: =IF(AND(R59="Ada",S59="Ada",T59="Ada"),"Lengkap","Tidak Lengkap") -> Tidak Lengkap | BM59: =IF(AND(U59="Ada",V59="Ada",W59="Ada",X59="Ada",Y59="Ada",AB59="Ada"),"Lengkap","Tidak Lengkap") -> Tidak Lengkap
A60: Provinsi Sumatera Utara | B60: 56 | C60: Kota Pematangsiantar | H60: belum terbentuk | BI60: =IFERROR(__xludf.DUMMYFUNCTION("IF(OR(REGEXMATCH(I60,""Peraturan Walikota""),REGEXMATCH(I60,""Peraturan Bupati""),REGEXMATCH(I60,""PERATURAN BUPATI""),REGEXMATCH(I60,""PERATURAN WALIKOTA"")),""Ada"",""Tidak Ada"")"),"Tidak Ada") -> Tidak Ada | BL60: =IF(AND(R60="Ada",S60="Ada",T60="Ada"),"Lengkap","Tidak Lengkap") -> Tidak Lengkap | BM60: =IF(AND(U60="Ada",V60="Ada",W60="Ada",X60="Ada",Y60="Ada",AB60="Ada"),"Lengkap","Tidak Lengkap") -> Tidak Lengkap
A61: Provinsi Sumatera Barat | B61: 57 | C61: Lima Puluh Kota | D61: Susi Nofianti/081372088782 | E61: Nagari Tarantang Kecamatan Harau | F61: 081372088782 | G61: 081372088782 082383451704 | H61: UPTD PPA | I61: Peraturan Bupati Lima Puluh Kota Nomor 34 tahun 2022 | J61: 2022 | K61: A | L61: Susi Nofianti, SKM/ 081372088782 Feri Antoni, SKM/082383451704 | M61: uptdppa@limapuluhkota.go.id | N61: 1. Kepala UPTD PPA 2. Kepala Sub Bagian Tata Usaha 3. Kelompok Jabatan Fungsional 4. Pengadministrasian Umum 5. Pengemudi 6. Penjaga keamanan 7. Mediator 8. Penjaga Asrama 9. Konselor (Psikologis/Hukum) | O61: MANDIRI | P61: TIDAK PUNYA | Q61: Saat ini dalam proses renovasi gedung/Kantor UPTD PPA dari DAK Fisik Tahun 2025 | R61: Ada | S61: Ada | T61: Tidak Ada | U61: Tidak Ada | V61: Ada | W61: Ada | X61: Tidak Ada | Y61: Tidak Ada | Z61: Tidak Ada | AA61: Tidak Ada | AB61: Tidak Ada | AC61: Sudah | AD61: Sudah | AE61: Sudah | AF61: Sudah | AG61: Sudah | AH61: Sudah | AI61: Belum | AJ61: Sudah | AK61: Sudah | AL61: Sudah | AM61: Sudah | AN61: Tenaga pekerja sosial dan analis hukum bedasarkan pengangkatan CPNS tahun 2025 | AO61: 45 (2024) | AP61: Kekerasan Seksual | AW61: v | BC61: =COUNTIF(AC61:AM61,"Sudah") -> 10 | BI61: =IFERROR(__xludf.DUMMYFUNCTION("IF(OR(REGEXMATCH(I61,""Peraturan Walikota""),REGEXMATCH(I61,""Peraturan Bupati""),REGEXMATCH(I61,""PERATURAN BUPATI""),REGEXMATCH(I61,""PERATURAN WALIKOTA"")),""Ada"",""Tidak Ada"")"),"Ada") -> Ada | BJ61: =IF(O61 = "Belum Punya", "Tidak Ada", IF(O61 = "", "Tidak Menjawab", "Ada")) -> Ada | BK61: =IF(P61 = "Tidak Punya", "Tidak Ada", IF(P61 = "", "Tidak Menjawab", "Ada")) -> Tidak Ada | BL61: =IF(AND(R61="Ada",S61="Ada",T61="Ada"),"Lengkap","Tidak Lengkap") -> Tidak Lengkap | BM61: =IF(AND(U61="Ada",V61="Ada",W61="Ada",X61="Ada",Y61="Ada",AB61="Ada"),"Lengkap","Tidak Lengkap") -> Tidak Lengkap
A62: Provinsi Sumatera Barat | B62: 58 | C62: Kepulauan Mentawai | D62: Desmawenti | E62: Jalan Raya Tuapejat KM. 04 | F62: 0 | G62: 0 | H62: UPTD PPA | I62: Peraturan Bupati Nomor 5 Tahun 2022 | J62: 2022 | K62: Belum Ada | L62: Desmawenti / 082170352646 | M62: desmawenti7@gmail.com | N62: Kepala UPTD, Kasubag TU, Pengadministrasi Umum, Penata Layanan Operasional | O62: BERGABUNG DENGAN KANTOR DINAS | P62: TIDAK PUNYA | Q62: - | R62: Ada | S62: Tidak Ada | T62: Ada | U62: Tidak Ada | V62: Ada | W62: Tidak Ada | X62: Tidak Ada | Y62: Tidak Ada | Z62: Tidak Ada | AA62: Tidak Ada | AB62: Tidak Ada | AC62: Sudah | AD62: Sudah | AE62: Sudah | AF62: Sudah | AG62: Sudah | AH62: Sudah | AI62: Sudah | AJ62: Sudah | AK62: Belum | AL62: Sudah | AM62: Sudah | AO62: 8 | AP62: Kekereasan Seksual Terhadap Anak | AW62: v | BA62: Geografis dan Faktor Keterbatasan Anggaran | BB62: Pelayanan Pendampingan Kasus Akan Lebih Efisien Jika Didukung Oleh Keterssediaan Anggaran | BC62: =COUNTIF(AC62:AM62,"Sudah") -> 10 | BI62: =IFERROR(__xludf.DUMMYFUNCTION("IF(OR(REGEXMATCH(I62,""Peraturan Walikota""),REGEXMATCH(I62,""Peraturan Bupati""),REGEXMATCH(I62,""PERATURAN BUPATI""),REGEXMATCH(I62,""PERATURAN WALIKOTA"")),""Ada"",""Tidak Ada"")"),"Ada") -> Ada | BJ62: =IF(O62 = "Belum Punya", "Tidak Ada", IF(O62 = "", "Tidak Menjawab", "Ada")) -> Ada | BK62: =IF(P62 = "Tidak Punya", "Tidak Ada", IF(P62 = "", "Tidak Menjawab", "Ada")) -> Tidak Ada | BL62: =IF(AND(R62="Ada",S62="Ada",T62="Ada"),"Lengkap","Tidak Lengkap") -> Tidak Lengkap | BM62: =IF(AND(U62="Ada",V62="Ada",W62="Ada",X62="Ada",Y62="Ada",AB62="Ada"),"Lengkap","Tidak Lengkap") -> Tidak Lengkap
A63: Provinsi Sumatera Barat | B63: 59 | C63: Agam | D63: Welly Desanti/085274149394 | E63: Jalan Jambak Komplek GOR Rang Agam, Padang Baru, Lubuk Basung, Kecamatan Lubuk Basung, Kabupaten Agam | F63: Kepala UPTD/085274149394 Ka TU UPTD/085264612268 | G63: 081261002623 | H63: UPTD PPA | I63: Peraturan Bupati Agam Nomor 2 Tahun 2023 | J63: 2023 | K63: A | L63: Welly Desanti/ 085274149394 | M63: uptdppaagam@gmail.com | N63: 1. Kepala UPTD PPA 2. Kepala TU PPA 3. Mediator atau Konselor (2 orang) 4. Tenaga Administrasi (1 orang) | O63: BERGABUNG DENGAN KANTOR DINAS | P63: SEWA/KONTRAK | Q63: Jika ada kasus, menyewa rumah masyarakat | R63: Tidak Ada | S63: Ada | T63: Ada | U63: Tidak Ada | V63: Ada | W63: Ada | X63: Ada | Y63: Tidak Ada | Z63: Ada | AA63: Ada | AB63: Ada | AC63: Sudah | AD63: Sudah | AE63: Sudah | AF63: Sudah | AG63: Sudah | AH63: Sudah | AI63: Sudah | AJ63: Sudah | AK63: Belum | AL63: Sudah | AM63: Belum | AN63: Pengaduan dari masyarakat, penjangkuan korban, pengelolaan Kasus, Jika korban memerlukan pengamanan maka akan diberikan penampungan sementara di rumah aman | AO63: 77 (2021) | AP63: Kekerasan Terhadap Anak | AX63: v | BC63: =COUNTIF(AC63:AM63,"Sudah") -> 9 | BI63: =IFERROR(__xludf.DUMMYFUNCTION("IF(OR(REGEXMATCH(I63,""Peraturan Walikota""),REGEXMATCH(I63,""Peraturan Bupati""),REGEXMATCH(I63,""PERATURAN BUPATI""),REGEXMATCH(I63,""PERATURAN WALIKOTA"")),""Ada"",""Tidak Ada"")"),"Ada") -> Ada | BJ63: =IF(O63 = "Belum Punya", "Tidak Ada", IF(O63 = "", "Tidak Menjawab", "Ada")) -> Ada | BK63: =IF(P63 = "Tidak Punya", "Tidak Ada", IF(P63 = "", "Tidak Menjawab", "Ada")) -> Ada | BL63: =IF(AND(R63="Ada",S63="Ada",T63="Ada"),"Lengkap","Tidak Lengkap") -> Tidak Lengkap | BM63: =IF(AND(U63="Ada",V63="Ada",W63="Ada",X63="Ada",Y63="Ada",AB63="Ada"),"Lengkap","Tidak Lengkap") -> Tidak Lengkap
A64: Provinsi Sumatera Barat | B64: 60 | C64: Tanah Datar | D64: Erli Yenti, SKM, M.Kes/ 081374085705 | E64: Jln. MT. Haryono Nomor 1, Batusangkar, Kab. Tanah Datar, Provinsi Sumatera Barat | F64: 081267409765 | G64: 081267409765 | H64: UPTD PPA | I64: Peraturan Bupati Tanah Datar Nomor 57 Tahun 2022 | J64: 2022 | K64: A | L64: Ka. UPTD / 081374085705 | M64: erli.yenti@yahoo.co.id | N64: 1. Kepala UPTD PPA 2. Ka. TU UPTD PPA 3. Pengadministrasi Umum | O64: ADA MILIK PEMDA | P64: TIDAK PUNYA | Q64: Pemerintah Daerah Kolom (15): pakai gedung Dinas lama yg tidak terpakai | R64: Ada | S64: ADA | T64: ADA | U64: TIDAK ADA | V64: Ada | W64: TIDAK ADA | X64: ADA | Y64: TIDAK ADA | Z64: TIDAK ADA | AA64: TIDAK ADA | AB64: TIDAK ADA | AC64: Sudah | AD64: Sudah | AE64: Sudah | AF64: Sudah | AG64: Sudah | AH64: Belum | AI64: Belum | AJ64: Sudah | AK64: Sudah | AL64: Sudah | AM64: Sudah | AN64: Ketersediaan Peksos: SAKTI PEKSOS KEMENSOS Kolom (29): YA, dari masyarakat,PATBM, pemerintah nagari,Polres | AO64: 79 (2024) | AP64: Kekeasan Seksual | AW64: v | BA64: Kurangnya SDM, Gedung UPTD PPA yang Tidak Layak, Tidak adanya Rumah Aman | BB64: Dalam pendampingan kasus anak di pengadilan ,kejaksaan tidak hanya mengirimkan surat ke Peksos tapi juga ke UPTD PPA untuk penampingan anak | BC64: =COUNTIF(AC64:AM64,"Sudah") -> 9 | BD64: Ketersediaan Sumber Daya Manusia (SDM) | BE64: Ketersediaan Sarana dan Prasarana | BI64: =IFERROR(__xludf.DUMMYFUNCTION("IF(OR(REGEXMATCH(I64,""Peraturan Walikota""),REGEXMATCH(I64,""Peraturan Bupati""),REGEXMATCH(I64,""PERATURAN BUPATI""),REGEXMATCH(I64,""PERATURAN WALIKOTA"")),""Ada"",""Tidak Ada"")"),"Ada") -> Ada | BJ64: =IF(O64 = "Belum Punya", "Tidak Ada", IF(O64 = "", "Tidak Menjawab", "Ada")) -> Ada | BK64: =IF(P64 = "Tidak Punya", "Tidak Ada", IF(P64 = "", "Tidak Menjawab", "Ada")) -> Tidak Ada | BL64: =IF(AND(R64="Ada",S64="Ada",T64="Ada"),"Lengkap","Tidak Lengkap") -> Lengkap | BM64: =IF(AND(U64="Ada",V64="Ada",W64="Ada",X64="Ada",Y64="Ada",AB64="Ada"),"Lengkap","Tidak Lengkap") -> Tidak Lengkap
A65: Provinsi Sumatera Barat | B65: 61 | C65: Pasaman Barat | D65: Helfi Yerita, SKM,MM | E65: Jln. M. Natsir, Simpang Empat | F65: 081374857004 | G65: 081266612717 | H65: UPTD PPA | I65: Peraturan Bupati Pasaman Barat Nomor Tahun 2022 Tanggal 07 Juli 2022 | J65: 2023 | K65: A | L65: 081374857004 | M65: helfiyerita.naura@gmail.com | N65: 1. Kepala UPTD 2. Kasubag TU 3. Kelompok Jabatan Fungsional | O65: BELUM PUNYA | P65: SEWA/KONTRAK | Q65: Pemerintah Daerah Kolom (15): BELUM PUNYA GEDUNG SENDIRI / ALIH FUNGSI SEMENTARA GEDUNG P2TP2A | R65: Ada | S65: Ada | T65: Ada | U65: Ada | V65: Ada | W65: Tidak Ada | X65: Tidak Ada | Y65: Tidak Ada | Z65: Ada | AA65: Tidak Ada | AB65: Tidak Ada | AC65: Sudah | AD65: Sudah | AE65: Sudah | AF65: Sudah | AG65: Sudah | AH65: Belum | AI65: Sudah | AJ65: Sudah | AK65: Sudah | AL65: Sudah | AM65: Sudah | AN65: pengaduan dari masyarakat, penjangkuan korban, pengelolaan Kasus, Jika korban memerlukan pengamanan maka akan diberikan penampungan sementara di rumah aman | AO65: 88 (2024) | AP65: Kekerasan Terhadap Anak | AX65: v | BA65: Tahun 2024 sangat terkendala dengan anggaran yang tidak ada, tahun 2025 Pasaman Barat menerima DAK NF | BB65: Saat ini komunikasi sudah terjalin dengan baik dengan Unit PPA Polres Pasaman Barat, Peksos, Lembaga Pelayanan Kesehatan Pemerintah maupun Swasta. Jadi apabila ada laporan kekerasan terhadap perempuan dan anak baik itu ke UPTD maupun langsung ke Penegak Hukum ataupun ke lembaga layanan kesehatan akan langsung ada komunikasi untuk pendampingan dan pemenuhan hak - hak korban. | BC65: =COUNTIF(AC65:AM65,"Sudah") -> 10 | BD65: Ketersediaan Anggaran | BI65: =IFERROR(__xludf.DUMMYFUNCTION("IF(OR(REGEXMATCH(I65,""Peraturan Walikota""),REGEXMATCH(I65,""Peraturan Bupati""),REGEXMATCH(I65,""PERATURAN BUPATI""),REGEXMATCH(I65,""PERATURAN WALIKOTA"")),""Ada"",""Tidak Ada"")"),"Ada") -> Ada | BJ65: =IF(O65 = "Belum Punya", "Tidak Ada", IF(O65 = "", "Tidak Menjawab", "Ada")) -> Tidak Ada | BK65: =IF(P65 = "Tidak Punya", "Tidak Ada", IF(P65 = "", "Tidak Menjawab", "Ada")) -> Ada | BL65: =IF(AND(R65="Ada",S65="Ada",T65="Ada"),"Lengkap","Tidak Lengkap") -> Lengkap | BM65: =IF(AND(U65="Ada",V65="Ada",W65="Ada",X65="Ada",Y65="Ada",AB65="Ada"),"Lengkap","Tidak Lengkap") -> Tidak Lengkap
A66: Provinsi Sumatera Barat | B66: 62 | C66: Kota Bukittinggi | D66: Alexmy Hendra | E66: Jl. Perwira Nomor 38 Belakang Balok, Kecamatan Aur Birugo Tigo Baleh, Kota Bukittinggi | F66: 0752-8100747 | G66: 087777646430 | H66: UPTD PPA | I66: Peraturan Walikota Bukit Tinggi Nomor 5 Tahun 2023 | J66: 2023 | K66: A | L66: Veronika Cynthia Dewi/082385066600 | M66: uptdppakotabukittinggi@gmail.com | N66: 1. Kepala UPTD 2. Kasubbag Tata Usaha 3. Kelompok Jabatan Fungsional 4. Pelaksana | O66: MANDIRI | P66: TIDAK PUNYA | Q66: Jika ada kasus diamankan di kantor UPTD PPA | R66: Ada | S66: Ada | T66: Ada | U66: Tidak Ada | V66: Tidak Ada | W66: Tidak Ada | X66: Tidak Ada | Y66: Tidak Ada | Z66: Tidak Ada | AA66: Tidak Ada | AB66: Tidak Ada | AC66: Sudah | AD66: Sudah | AE66: Sudah | AF66: Sudah | AG66: Sudah | AH66: Sudah | AI66: Sudah | AJ66: Sudah | AK66: Sudah | AL66: Sudah | AM66: Sudah | AO66: 80 (2024) | AP66: Kekerasan Terhadap Anak | AX66: v | BC66: =COUNTIF(AC66:AM66,"Sudah") -> 11 | BI66: =IFERROR(__xludf.DUMMYFUNCTION("IF(OR(REGEXMATCH(I66,""Peraturan Walikota""),REGEXMATCH(I66,""Peraturan Bupati""),REGEXMATCH(I66,""PERATURAN BUPATI""),REGEXMATCH(I66,""PERATURAN WALIKOTA"")),""Ada"",""Tidak Ada"")"),"Ada") -> Ada | BJ66: =IF(O66 = "Belum Punya", "Tidak Ada", IF(O66 = "", "Tidak Menjawab", "Ada")) -> Ada | BK66: =IF(P66 = "Tidak Punya", "Tidak Ada", IF(P66 = "", "Tidak Menjawab", "Ada")) -> Tidak Ada | BL66: =IF(AND(R66="Ada",S66="Ada",T66="Ada"),"Lengkap","Tidak Lengkap") -> Lengkap | BM66: =IF(AND(U66="Ada",V66="Ada",W66="Ada",X66="Ada",Y66="Ada",AB66="Ada"),"Lengkap","Tidak Lengkap") -> Tidak Lengkap
A67: Provinsi Sumatera Barat | B67: 63 | C67: Dharmasraya | D67: Efrizon, SKM, MM | E67: Jl. Labuah Luruih, Km. 2. Jorong Labuah Luruih, Kenagarian Sungai Kambut, Kecamatan Pulau Punjung | G67: 081374799172 | H67: UPTD PPA | I67: Peraturan Bupati Dharmasraya Nomor 31 Tahun 2021 | J67: 2021 | K67: A | L67: 081374799172 | M67: ppadharmasraya@gmail.com | N67: 1. Kepala UPTD 2. Kasubag TU 3. Tenaga Harian Lepas (THL) | O67: MANDIRI | P67: SEWA/KONTRAK | Q67: Milik Orang Lain | R67: Ada | S67: Ada | T67: Ada | U67: Ada | V67: Ada | W67: Tidak Ada | X67: Ada | Y67: Tidak Ada | Z67: Tidak Ada | AA67: Tidak Ada | AB67: Tidak Ada | AC67: Sudah | AD67: Sudah | AE67: Sudah | AF67: Sudah | AG67: Sudah | AH67: Sudah | AI67: Belum | AJ67: Sudah | AK67: Belum | AL67: Sudah | AM67: Sudah | AN67: - | AO67: 23 (2021) | AP67: Kekerasan Seksual | AW67: v | BC67: =COUNTIF(AC67:AM67,"Sudah") -> 9 | BI67: =IFERROR(__xludf.DUMMYFUNCTION("IF(OR(REGEXMATCH(I67,""Peraturan Walikota""),REGEXMATCH(I67,""Peraturan Bupati""),REGEXMATCH(I67,""PERATURAN BUPATI""),REGEXMATCH(I67,""PERATURAN WALIKOTA"")),""Ada"",""Tidak Ada"")"),"Ada") -> Ada | BJ67: =IF(O67 = "Belum Punya", "Tidak Ada", IF(O67 = "", "Tidak Menjawab", "Ada")) -> Ada | BK67: =IF(P67 = "Tidak Punya", "Tidak Ada", IF(P67 = "", "Tidak Menjawab", "Ada")) -> Ada | BL67: =IF(AND(R67="Ada",S67="Ada",T67="Ada"),"Lengkap","Tidak Lengkap") -> Lengkap | BM67: =IF(AND(U67="Ada",V67="Ada",W67="Ada",X67="Ada",Y67="Ada",AB67="Ada"),"Lengkap","Tidak Lengkap") -> Tidak Lengkap
A68: Provinsi Sumatera Barat | B68: 64 | C68: Kota Payakumbuh | D68: Yenny Mardawati | E68: Jln. Balai Polam no. 2 Kelurahan sei. Pinago kecamatan Payakumbuh Barat Kota Payakumbuh | F68: 0752 92790 | G68: WA 081374315415 | H68: UPTD PPA | I68: Peraturan Walikota Payakumbuh Nomor 18 Tahun 2014 | J68: 2014 | K68: A | L68: Yenny Mardawati | M68: yennymardawati69@gmail.com | N68: Kepala UPTD, Kasubag TU | O68: Bergabung dengan Kantor Dinas | P68: Tidak Punya | Q68: Sedang mencari gedung sendiri | R68: Ada | S68: Tidak Ada | T68: Tidak Ada | U68: Tidak Ada | V68: Tidak Ada | W68: Ada | X68: Tidak Ada | Y68: Tidak Ada | Z68: Tidak Ada | AA68: Tidak Ada | AB68: Tidak Ada | AC68: Sudah | AD68: Sudah | AE68: Sudah | AF68: Sudah | AG68: Sudah | AH68: Sudah | AI68: Belum | AJ68: Belum | AK68: Belum | AL68: Sudah | AM68: Belum | AN68: Belum ada kasus korban disabilitas | AO68: 26 | AP68: Kasus anak | AY68: v | BA68: Kekurangan tenaga di UPTD | BB68: Adanya penambahan tenaga utk UPTD | BC68: =COUNTIF(AC68:AM68,"Sudah") -> 7 | BI68: =IFERROR(__xludf.DUMMYFUNCTION("IF(OR(REGEXMATCH(I68,""Peraturan Walikota""),REGEXMATCH(I68,""Peraturan Bupati""),REGEXMATCH(I68,""PERATURAN BUPATI""),REGEXMATCH(I68,""PERATURAN WALIKOTA"")),""Ada"",""Tidak Ada"")"),"Ada") -> Ada | BJ68: =IF(O68 = "Belum Punya", "Tidak Ada", IF(O68 = "", "Tidak Menjawab", "Ada")) -> Ada | BK68: =IF(P68 = "Tidak Punya", "Tidak Ada", IF(P68 = "", "Tidak Menjawab", "Ada")) -> Tidak Ada | BL68: =IF(AND(R68="Ada",S68="Ada",T68="Ada"),"Lengkap","Tidak Lengkap") -> Tidak Lengkap | BM68: =IF(AND(U68="Ada",V68="Ada",W68="Ada",X68="Ada",Y68="Ada",AB68="Ada"),"Lengkap","Tidak Lengkap") -> Tidak Lengkap
A69: Provinsi Sumatera Barat | B69: 65 | C69: Sijunjung | D69: HADISSYAM KUDUS, SH | E69: Jln.Prov.M.Yamin Nomor 38 Muaro Sijunjung | F69: 8116611007 | G69: KTU UPTD/ 0853759894388 | H69: UPTD PPA | I69: Peraturan Bupati Nomor 56 Tahun 2020 | J69: 2020 | K69: A | L69: Irma Mailany,S.Pd, Kons/ 082288975707 | M69: uptdppasijunjung@gmail.com | N69: 1. Kepala UPTD 2. Kasubag TU 3. Kelompok Jabatan Fungsional | O69: MANDIRI | P69: MILIK SENDIRI | Q69: Pemerintah Daerah | R69: Ada | S69: Ada | T69: Tidak Ada | U69: Tidak Ada | V69: Tidak Ada | W69: Tidak Ada | X69: Ada | Y69: Tidak Ada | Z69: Tidak Ada | AA69: Tidak Ada | AB69: Tidak Ada | AC69: Sudah | AD69: Sudah | AE69: Sudah | AF69: Sudah | AG69: Belum | AH69: Sudah | AI69: Sudah | AJ69: Sudah | AK69: Sudah | AL69: Sudah | AM69: Sudah | AN69: pengaduan dari masyarakat, penjangkuan korban, pengelolaan Kasus, Jika korban memerlukan pengamanan maka akan diberikan penampungan sementara di rumah aman | AO69: 53 (2024) | AP69: Kekerasan SeksualTerhadap Anak | AU69: v | BC69: =COUNTIF(AC69:AM69,"Sudah") -> 10 | BI69: =IFERROR(__xludf.DUMMYFUNCTION("IF(OR(REGEXMATCH(I69,""Peraturan Walikota""),REGEXMATCH(I69,""Peraturan Bupati""),REGEXMATCH(I69,""PERATURAN BUPATI""),REGEXMATCH(I69,""PERATURAN WALIKOTA"")),""Ada"",""Tidak Ada"")"),"Ada") -> Ada | BJ69: =IF(O69 = "Belum Punya", "Tidak Ada", IF(O69 = "", "Tidak Menjawab", "Ada")) -> Ada | BK69: =IF(P69 = "Tidak Punya", "Tidak Ada", IF(P69 = "", "Tidak Menjawab", "Ada")) -> Ada | BL69: =IF(AND(R69="Ada",S69="Ada",T69="Ada"),"Lengkap","Tidak Lengkap") -> Tidak Lengkap | BM69: =IF(AND(U69="Ada",V69="Ada",W69="Ada",X69="Ada",Y69="Ada",AB69="Ada"),"Lengkap","Tidak Lengkap") -> Tidak Lengkap
A70: Provinsi Sumatera Barat | B70: 66 | C70: Kota Solok | I70: Peraturan Walikota Solok Nomor 17 Tahun 2024 | J70: 2024 | K70: Perkada tidak dapat diakses | BC70: =COUNTIF(AC70:AM70,"Sudah") -> 0 | BI70: =IFERROR(__xludf.DUMMYFUNCTION("IF(OR(REGEXMATCH(I70,""Peraturan Walikota""),REGEXMATCH(I70,""Peraturan Bupati""),REGEXMATCH(I70,""PERATURAN BUPATI""),REGEXMATCH(I70,""PERATURAN WALIKOTA"")),""Ada"",""Tidak Ada"")"),"Ada") -> Ada | BL70: =IF(AND(R70="Ada",S70="Ada",T70="Ada"),"Lengkap","Tidak Lengkap") -> Tidak Lengkap | BM70: =IF(AND(U70="Ada",V70="Ada",W70="Ada",X70="Ada",Y70="Ada",AB70="Ada"),"Lengkap","Tidak Lengkap") -> Tidak Lengkap
A71: Provinsi Sumatera Barat | B71: 67 | C71: Pasaman | D71: - | E71: - | F71: - | G71: - | H71: - | I71: Peraturan Bupati Pasaman Nomor 14 Tahun 2024 | J71: 2024 | K71: A | L71: FURKAN SKM. M.Kes / 081363730799 | M71: - | N71: Kepala UPTD, Kelompok Jabatan Fungsional, Subbagian Tata Usaha | O71: Bergabung dengan Kantor Dinas | P71: Tidak Punya | R71: Ada | S71: Ada | T71: Ada | U71: Ada | V71: Ada | W71: Ada | X71: Tidak Ada | Y71: Ada | Z71: Ada | AA71: Tidak Ada | AB71: Ada | AC71: Sudah | AD71: Sudah | AE71: Sudah | AF71: Sudah | AG71: Sudah | AH71: Sudah | AI71: Belum | AJ71: Belum | AK71: Sudah | AL71: Sudah | AM71: Sudah | AO71: 61 | AP71: Kekerasan Seksual | AY71: 2024 | BA71: Tenaga Psikolog Klinis yang belum tersedia di Kabupaten Pasaman | BB71: Rumah Aman yang harus segera dipenuhi oleh Pemerintah Kabupaten Pasaman | BC71: =COUNTIF(AC71:AM71,"Sudah") -> 9 | BI71: =IFERROR(__xludf.DUMMYFUNCTION("IF(OR(REGEXMATCH(I71,""Peraturan Walikota""),REGEXMATCH(I71,""Peraturan Bupati""),REGEXMATCH(I71,""PERATURAN BUPATI""),REGEXMATCH(I71,""PERATURAN WALIKOTA"")),""Ada"",""Tidak Ada"")"),"Ada") -> Ada | BJ71: =IF(O71 = "Belum Punya", "Tidak Ada", IF(O71 = "", "Tidak Menjawab", "Ada")) -> Ada | BK71: =IF(P71 = "Tidak Punya", "Tidak Ada", IF(P71 = "", "Tidak Menjawab", "Ada")) -> Tidak Ada | BL71: =IF(AND(R71="Ada",S71="Ada",T71="Ada"),"Lengkap","Tidak Lengkap") -> Lengkap | BM71: =IF(AND(U71="Ada",V71="Ada",W71="Ada",X71="Ada",Y71="Ada",AB71="Ada"),"Lengkap","Tidak Lengkap") -> Tidak Lengkap
A72: Provinsi Sumatera Barat | B72: 68 | C72: Solok | D72: Hendra/ 08126703428 | E72: Jalan Solok Padang KM 5, Nagari Koto Baru, Kec Kubung, Kab. Solok, Provinsi Sumatera Barat | F72: Ka UPTD/ 08126703428 Ka TU UPTD/ 081374292976 | G72: Ka UPTD/ 08126703428 Ka TU UPTD/ 081374292976 | H72: UPTD PPA | I72: Peraturan Bupati Solok Nomor 9 Tahun 2023 | J72: 2023 | K72: A | L72: Ka UPTD/ 08126703428 Ka TU UPTD/ 081374292976 | M72: hendra_yuldasrin@yahoo.com | BC72: =COUNTIF(AC72:AM72,"Sudah") -> 0 | BI72: =IFERROR(__xludf.DUMMYFUNCTION("IF(OR(REGEXMATCH(I72,""Peraturan Walikota""),REGEXMATCH(I72,""Peraturan Bupati""),REGEXMATCH(I72,""PERATURAN BUPATI""),REGEXMATCH(I72,""PERATURAN WALIKOTA"")),""Ada"",""Tidak Ada"")"),"Ada") -> Ada | BL72: =IF(AND(R72="Ada",S72="Ada",T72="Ada"),"Lengkap","Tidak Lengkap") -> Tidak Lengkap | BM72: =IF(AND(U72="Ada",V72="Ada",W72="Ada",X72="Ada",Y72="Ada",AB72="Ada"),"Lengkap","Tidak Lengkap") -> Tidak Lengkap
A73: Provinsi Sumatera Barat | B73: 69 | C73: Pesisir Selatan | D73: ADRIANI,S.ST | E73: Jln.Pemuda no 1 Painan Kecamatan IV Jurai Kabupaten Pesisir Selatan | F73: 81374601378 | G73: uptdppakabpesisirselatan@gmail.com | H73: UPTD PPA | I73: Peraturan Bupati Pesisir Selatan Nomor 22 Tahun 2023 | J73: 2023 | K73: B | L73: Ridha Amalia Madya/081374663624 | M73: ridhaamaliamadya@gmail.com | N73: Kepala UPTD, Kasubag TU, dan Konselor | O73: Pinjam Gedung Selain Dinas PPPA | P73: Sewa/Kontrak | Q73: Masih memakai gedung LKAM | R73: Ada | S73: Ada | T73: Ada | U73: Tidak Ada | V73: Ada | W73: Tidak Ada | X73: Tidak Ada | Y73: Tidak Ada | Z73: Tidak Ada | AA73: Tidak Ada | AB73: Tidak Ada | AC73: Sudah | AD73: Sudah | AE73: Sudah | AF73: Sudah | AG73: Sudah | AH73: Sudah | AI73: Sudah | AJ73: Sudah | AK73: Sudah | AL73: Sudah | AM73: Sudah | AN73: tidak ada | AO73: 72 kasus | AP73: Kekerasan Seksual | AX73: v | BA73: Kurangnya Sarana dan Prasarana antara lain belum adanya jaringan wifi untuk update data dan laporan, kurangnya leptop/komputer dan printer yang di butuhkan untuk oprasional uptd | BB73: Mekanisme layanan agar efektif antara Lain : 1. Tersedianya SDM yang memadai di UPTD seperti Tenaga psikolog yang dapat melayani langsung ketika ada kasus yang memerlukan pemeriksaan psikolog 2. Adanya mediator 3. rumah perlindungan yang melekat langsung dengan uptd sehingga mudah dalam pengasawan | BC73: =COUNTIF(AC73:AM73,"Sudah") -> 11 | BI73: =IFERROR(__xludf.DUMMYFUNCTION("IF(OR(REGEXMATCH(I73,""Peraturan Walikota""),REGEXMATCH(I73,""Peraturan Bupati""),REGEXMATCH(I73,""PERATURAN BUPATI""),REGEXMATCH(I73,""PERATURAN WALIKOTA"")),""Ada"",""Tidak Ada"")"),"Ada") -> Ada | BJ73: =IF(O73 = "Belum Punya", "Tidak Ada", IF(O73 = "", "Tidak Menjawab", "Ada")) -> Ada | BK73: =IF(P73 = "Tidak Punya", "Tidak Ada", IF(P73 = "", "Tidak Menjawab", "Ada")) -> Ada | BL73: =IF(AND(R73="Ada",S73="Ada",T73="Ada"),"Lengkap","Tidak Lengkap") -> Lengkap | BM73: =IF(AND(U73="Ada",V73="Ada",W73="Ada",X73="Ada",Y73="Ada",AB73="Ada"),"Lengkap","Tidak Lengkap") -> Tidak Lengkap
A74: Provinsi Sumatera Barat | B74: 70 | C74: Kota Pariaman | D74: - | E74: Jl. Siti Manggopoh Naras Hilir Pariaman Utara | F74: 82178299952 | G74: 82178299952 | H74: UPTD PPA | I74: Peraturan Walikota Pariaman Nomor 7 Tahun 2024 | J74: 2024 | K74: B | L74: 81270890009 | M74: sirdayenniwork@gmail.com | N74: Kepala UPTD dan Kelompok Jabatan Fungsional | O74: Bergabung dengan Kantor Dinas | P74: Sewa/Kontrak | R74: Ada | S74: Tidak Ada | T74: Tidak Ada | U74: Ada | V74: Ada | W74: Tidak Ada | X74: Tidak Ada | Y74: Tidak Ada | Z74: Ada | AA74: Tidak Ada | AB74: Tidak Ada | AC74: Sudah | AD74: Sudah | AE74: Sudah | AF74: Sudah | AG74: Sudah | AH74: Sudah | AI74: Belum | AJ74: Sudah | AK74: Sudah | AL74: Sudah | AM74: Sudah | AO74: 55 kasus | AP74: Kekerasan Seksual | AY74: v | BA74: Korban yang kurang kooperatif | BB74: Pelayanan ktp dan kta di polres berada dalam satu unit layanan (unit ppa) saja | BC74: =COUNTIF(AC74:AM74,"Sudah") -> 10 | BI74: =IFERROR(__xludf.DUMMYFUNCTION("IF(OR(REGEXMATCH(I74,""Peraturan Walikota""),REGEXMATCH(I74,""Peraturan Bupati""),REGEXMATCH(I74,""PERATURAN BUPATI""),REGEXMATCH(I74,""PERATURAN WALIKOTA"")),""Ada"",""Tidak Ada"")"),"Ada") -> Ada | BJ74: =IF(O74 = "Belum Punya", "Tidak Ada", IF(O74 = "", "Tidak Menjawab", "Ada")) -> Ada | BK74: =IF(P74 = "Tidak Punya", "Tidak Ada", IF(P74 = "", "Tidak Menjawab", "Ada")) -> Ada | BL74: =IF(AND(R74="Ada",S74="Ada",T74="Ada"),"Lengkap","Tidak Lengkap") -> Tidak Lengkap | BM74: =IF(AND(U74="Ada",V74="Ada",W74="Ada",X74="Ada",Y74="Ada",AB74="Ada"),"Lengkap","Tidak Lengkap") -> Tidak Lengkap
A75: Provinsi Sumatera Barat | B75: 71 | C75: Padang Pariaman | I75: Peraturan Bupati Padang Pariaman Nomor: 25 Tahun 2024 Tentang Pembentukan Unit Pelaksana Teknis Daerah Perlindungan Perempuan dan Anak | J75: 2024 | BC75: =COUNTIF(AC75:AM75,"Sudah") -> 0 | BI75: =IFERROR(__xludf.DUMMYFUNCTION("IF(OR(REGEXMATCH(I75,""Peraturan Walikota""),REGEXMATCH(I75,""Peraturan Bupati""),REGEXMATCH(I75,""PERATURAN BUPATI""),REGEXMATCH(I75,""PERATURAN WALIKOTA"")),""Ada"",""Tidak Ada"")"),"Ada") -> Ada | BL75: =IF(AND(R75="Ada",S75="Ada",T75="Ada"),"Lengkap","Tidak Lengkap") -> Tidak Lengkap | BM75: =IF(AND(U75="Ada",V75="Ada",W75="Ada",X75="Ada",Y75="Ada",AB75="Ada"),"Lengkap","Tidak Lengkap") -> Tidak Lengkap
A76: Provinsi Sumatera Barat | B76: 72 | C76: Solok Selatan | BI76: =IFERROR(__xludf.DUMMYFUNCTION("IF(OR(REGEXMATCH(I76,""Peraturan Walikota""),REGEXMATCH(I76,""Peraturan Bupati""),REGEXMATCH(I76,""PERATURAN BUPATI""),REGEXMATCH(I76,""PERATURAN WALIKOTA"")),""Ada"",""Tidak Ada"")"),"Tidak Ada") -> Tidak Ada | BL76: =IF(AND(R76="Ada",S76="Ada",T76="Ada"),"Lengkap","Tidak Lengkap") -> Tidak Lengkap | BM76: =IF(AND(U76="Ada",V76="Ada",W76="Ada",X76="Ada",Y76="Ada",AB76="Ada"),"Lengkap","Tidak Lengkap") -> Tidak Lengkap
A77: Provinsi Sumatera Barat | B77: 73 | C77: Kota Padang | BI77: =IFERROR(__xludf.DUMMYFUNCTION("IF(OR(REGEXMATCH(I77,""Peraturan Walikota""),REGEXMATCH(I77,""Peraturan Bupati""),REGEXMATCH(I77,""PERATURAN BUPATI""),REGEXMATCH(I77,""PERATURAN WALIKOTA"")),""Ada"",""Tidak Ada"")"),"Tidak Ada") -> Tidak Ada | BL77: =IF(AND(R77="Ada",S77="Ada",T77="Ada"),"Lengkap","Tidak Lengkap") -> Tidak Lengkap | BM77: =IF(AND(U77="Ada",V77="Ada",W77="Ada",X77="Ada",Y77="Ada",AB77="Ada"),"Lengkap","Tidak Lengkap") -> Tidak Lengkap
A78: Provinsi Sumatera Barat | B78: 74 | C78: Kota Sawahlunto | I78: Peraturan Walikota Sawahlunto Nomor 38 Tahun 2022 | J78: 2022 | BC78: =COUNTIF(AC78:AM78,"Sudah") -> 0 | BI78: =IFERROR(__xludf.DUMMYFUNCTION("IF(OR(REGEXMATCH(I78,""Peraturan Walikota""),REGEXMATCH(I78,""Peraturan Bupati""),REGEXMATCH(I78,""PERATURAN BUPATI""),REGEXMATCH(I78,""PERATURAN WALIKOTA"")),""Ada"",""Tidak Ada"")"),"Ada") -> Ada | BL78: =IF(AND(R78="Ada",S78="Ada",T78="Ada"),"Lengkap","Tidak Lengkap") -> Tidak Lengkap | BM78: =IF(AND(U78="Ada",V78="Ada",W78="Ada",X78="Ada",Y78="Ada",AB78="Ada"),"Lengkap","Tidak Lengkap") -> Tidak Lengkap
A79: Provinsi Sumatera Barat | B79: 75 | C79: Kota Padang Panjang | D79: Winda amrita dessy, S.Tr.Keb | E79: Jl. Abdullah ahmad pasar usang. Padang panjang | F79: 85167486871 | G79: 85167486871 | H79: UPTD PPA KOTA PADANG PANJANG | I79: Peraturan Walikota padang panjang nomor 19 tahun 2024 tentang pembentukan unit pelaksana teknis daerah perlindungan perempuan dan anak | J79: 2024 | K79: A | L79: Winda amrita dessy, S.Tr.Keb | M79: windaamritadessy12@gmail.com | N79: Kepala uptd, kasubag TU, dan jabatan fungsional | O79: Pinjam Gedung Selain Dinas PPPA | P79: Sewa/Kontrak | Q79: Gedung uptd masih meminjam gedung dari sosial yaitu rumah healing | R79: Ada | S79: Tidak Ada | T79: Ada | U79: Ada | V79: Ada | W79: Tidak Ada | X79: Ada | Y79: Ada | Z79: Ada | AA79: Tidak Ada | AB79: Ada | AC79: Sudah | AD79: Sudah | AE79: Sudah | AF79: Sudah | AG79: Sudah | AH79: Belum | AI79: Sudah | AJ79: Sudah | AK79: Belum | AL79: Sudah | AM79: Sudah | AO79: 50 | AP79: Kekerasan seksual | AY79: v | BA79: Tidak ada | BB79: Layanan rujukan yg lebih mudah | BC79: =COUNTIF(AC79:AM79,"Sudah") -> 9 | BI79: =IFERROR(__xludf.DUMMYFUNCTION("IF(OR(REGEXMATCH(I79,""Peraturan Walikota""),REGEXMATCH(I79,""Peraturan Bupati""),REGEXMATCH(I79,""PERATURAN BUPATI""),REGEXMATCH(I79,""PERATURAN WALIKOTA"")),""Ada"",""Tidak Ada"")"),"Ada") -> Ada | BJ79: =IF(O79 = "Belum Punya", "Tidak Ada", IF(O79 = "", "Tidak Menjawab", "Ada")) -> Ada | BK79: =IF(P79 = "Tidak Punya", "Tidak Ada", IF(P79 = "", "Tidak Menjawab", "Ada")) -> Ada | BL79: =IF(AND(R79="Ada",S79="Ada",T79="Ada"),"Lengkap","Tidak Lengkap") -> Tidak Lengkap | BM79: =IF(AND(U79="Ada",V79="Ada",W79="Ada",X79="Ada",Y79="Ada",AB79="Ada"),"Lengkap","Tidak Lengkap") -> Tidak Lengkap
